src_ip,session,clean,unrated,suspicious,malicious
1.215.240.130,540407e16d98,51,29,3,5
1.215.240.130,d54673bd9807,51,29,3,5
1.215.240.130,34de2529721f,51,29,3,5
1.215.240.130,6dd24f51f44b,51,29,3,5
1.254.101.182,f3fd2a369206,54,30,3,4
1.254.101.182,5e9a65cd5965,54,30,3,4
1.254.101.182,ee07923da77b,54,30,3,4
1.254.101.182,c14eed4cdcad,54,30,3,4
1.254.101.182,4a1028750e8e,54,30,3,4
1.254.101.182,e2f9df3d6ddc,54,30,3,4
101.126.90.87,c7874b8d3531,57,30,2,2
101.36.65.131,155c405dbc23,53,30,2,4
101.36.65.131,b15f8dc514b6,53,30,2,4
101.36.65.131,85f6574f5b1c,53,30,2,4
101.36.65.131,81d285ab4078,53,30,2,4
101.36.65.131,d681e4392d32,53,30,2,4
101.42.226.94,f26d09d8a67f,55,28,3,5
101.42.226.94,e3b7c53148c1,55,28,3,5
101.42.226.94,996f2ea71c9a,55,28,3,5
101.89.110.186,fc3fca6dd9d6,59,32,1,2
101.89.133.58,52e5a569b2fb,55,31,2,2
101.89.140.179,4996bbb591d7,55,28,2,8
103.10.44.109,a635927ddc2c,53,30,2,4
103.10.44.109,8504a29a45e8,53,30,2,4
103.10.44.109,d10329b0ce96,53,30,2,4
103.10.44.109,6c13dfff996f,53,30,2,4
103.10.44.109,42c340bb0abd,53,30,2,4
103.113.105.169,8f657a64b17d,57,30,2,4
103.137.75.74,c51339a50ea3,51,29,2,6
103.139.193.99,eae85f83fed3,52,30,2,6
103.142.87.225,73756c0ea420,53,30,2,4
103.143.72.99,feb45e57dbe9,56,30,3,1
103.143.72.99,e6e609db5165,56,30,3,1
103.143.72.99,777896a0d773,56,30,3,1
103.143.72.99,36f915e661c8,56,30,3,1
103.143.72.99,3b5323f433ab,56,30,3,1
103.144.245.127,b10f4d00f7b9,56,31,1,2
103.144.245.127,5b525ec76b2f,56,31,1,2
103.144.245.127,9781b74c21f6,56,31,1,2
103.144.245.127,83ad5c8b63a0,56,31,1,2
103.144.245.127,edd5c7b2d237,56,31,1,2
103.148.100.146,5531000e4f0f,53,30,3,5
103.148.100.146,0caed5af4a54,53,30,3,5
103.148.100.146,2a0f65fb70f8,53,30,3,5
103.148.101.241,ffedbe59000b,56,32,1,2
103.149.26.91,0d668389095f,52,29,2,5
103.149.26.91,ff9e7c246c28,52,29,2,5
103.152.18.138,4e3a294ee831,52,30,2,5
103.152.18.138,5fe9292eb6e0,52,30,2,5
103.152.18.138,e20036ecdcf1,52,30,2,5
103.162.20.168,266ba1c23b5e,54,30,2,3
103.162.20.168,3c8165675f71,54,30,2,3
103.162.20.168,7f03be7d71b2,54,30,2,3
103.162.20.168,3c2ba3a3d1cb,54,30,2,3
103.162.20.168,75985197e084,54,30,2,3
103.17.48.8,0201de160942,53,28,2,5
103.17.48.8,179430549ca0,53,28,2,5
103.17.48.8,868679ace9ef,53,28,2,5
103.170.204.115,d044f5e0bcbc,58,30,2,1
103.170.204.115,e13ddf184a0c,58,30,2,1
103.170.204.115,ac0b6feba316,58,30,2,1
103.171.85.186,b13a58907698,53,30,3,5
103.171.85.186,4bf864dcc5ee,53,30,3,5
103.171.85.186,cce787864f89,53,30,3,5
103.171.85.186,fcae34e34575,53,30,3,5
103.174.115.25,b6259902b3e1,58,29,3,1
103.176.20.115,1f3efaf039d2,51,29,3,6
103.177.181.29,860a2be8c28a,51,27,4,9
103.177.181.68,1e0347628d11,52,29,3,6
103.177.181.68,00ab1fb95f66,52,29,3,6
103.177.181.68,5d508dbe8662,52,29,3,6
103.177.181.68,ca84b0be03a3,52,29,3,6
103.177.181.68,bd4ba787db79,52,29,3,6
103.177.181.68,1112b9c7f410,52,29,3,6
103.177.181.68,43a572a047f5,52,29,3,6
103.177.181.68,5749480eef4e,52,29,3,6
103.183.75.81,f51b94c0915d,58,30,2,2
103.183.75.81,f979e35ea0ab,58,30,2,2
103.183.75.81,c741f021e196,58,30,2,2
103.183.75.81,28b90c38fb63,58,30,2,2
103.183.75.81,57de80d5e6cd,58,30,2,2
103.183.75.81,391ab18846ec,58,30,2,2
103.183.75.81,39afd9482aa6,58,30,2,2
103.189.235.16,ef4625d3728b,55,29,2,7
103.189.235.16,d2f1dfb11a6d,55,29,2,7
103.189.235.16,34fb6f607db1,55,29,2,7
103.189.235.16,9838f8cedf48,55,29,2,7
103.189.235.16,bed01451028b,55,29,2,7
103.189.235.16,1714d65ccbab,55,29,2,7
103.189.235.16,6fd2bece2c12,55,29,2,7
103.189.235.16,eda587bad470,55,29,2,7
103.193.178.180,f3f3e09043c3,53,31,3,5
103.193.178.180,6b8ac72337e4,53,31,3,5
103.193.178.180,00eadef2d1c2,53,31,3,5
103.193.178.180,95d7841eaa41,53,31,3,5
103.206.72.2,49cdda70adcb,54,30,1,4
103.211.17.72,285e19cfba04,59,28,3,2
103.211.17.72,41fb1b375d2b,59,28,3,2
103.217.145.53,b34a3f75de82,53,31,2,5
103.217.145.53,5c861399cc3f,53,31,2,5
103.217.145.53,30e93c13de49,53,31,2,5
103.217.145.53,82f14c83cf44,53,31,2,5
103.217.145.53,f021f40b4a6d,53,31,2,5
103.217.145.53,78e9ab894fc8,53,31,2,5
103.217.145.53,9b72da60a846,53,31,2,5
103.221.80.92,7274a4bc0845,54,29,1,5
103.231.59.34,ccb3e07aad3c,57,31,1,1
103.231.59.34,5a745140e843,57,31,1,1
103.231.59.34,9d75a7c10c00,57,31,1,1
103.231.59.34,7bf129b83bb2,57,31,1,1
103.231.59.34,ae26eaaac623,57,31,1,1
103.231.59.34,dca3855addd4,57,31,1,1
103.232.174.75,70656a6d89db,59,33,1,1
103.236.192.222,77814b08ade3,53,30,2,4
103.240.110.130,e3c07afa5736,56,30,2,2
103.240.110.130,c69c12b5ee7b,56,30,2,2
103.240.110.130,073f0a6550b0,56,30,2,2
103.246.240.28,0b63b79978a5,54,30,2,4
103.30.195.61,649ac2ffa50d,55,31,2,3
103.30.195.61,a74fe1809cab,55,31,2,3
103.30.195.61,33299e9c963b,55,31,2,3
103.55.49.10,72a0700e4e37,52,29,2,5
103.55.49.10,6f13bf1161de,52,29,2,5
103.55.49.10,75dfbf4ae3ea,52,29,2,5
103.55.49.10,ac6c3b2b1466,52,29,2,5
103.60.102.100,59e99857f5e3,57,29,3,2
103.60.102.100,af9add69c541,57,29,3,2
103.60.102.100,46495364fc6d,57,29,3,2
103.60.102.100,485682246cfe,57,29,3,2
103.60.102.100,1cf035aacb48,57,29,3,2
103.63.108.25,24ac1580cad7,50,30,1,6
103.63.25.141,8370005ecd92,54,30,2,3
103.63.25.141,ea04ed049e80,54,30,2,3
103.76.120.213,2ff9aa629851,54,30,2,3
103.76.120.213,a623b02db28f,54,30,2,3
103.76.120.213,e74f4d70ffdb,54,30,2,3
103.76.120.213,0ff05904c1a6,54,30,2,3
103.76.120.213,f383de32ba91,54,30,2,3
103.76.120.213,f050d1d4eab7,54,30,2,3
103.76.120.213,e9ef246e2d2d,54,30,2,3
103.76.120.213,6c77d4a4e6c2,54,30,2,3
103.76.120.31,fbd67853f75e,55,30,2,3
103.76.120.31,ac2024755ab2,55,30,2,3
103.76.120.31,bb7b5e8e3c1c,55,30,2,3
103.76.120.31,b495536bee3d,55,30,2,3
103.76.120.61,c9c526a69a9e,56,31,1,2
103.76.120.61,4543896e17b8,56,31,1,2
103.76.120.61,5df4d85460bc,56,31,1,2
103.76.120.61,f98ae5a9891b,56,31,1,2
103.79.152.202,a7c979160cb7,53,30,1,4
103.79.152.202,3c018cd1510c,53,30,1,4
103.79.152.202,47426b69d40f,53,30,1,4
103.82.241.206,1dd6c17964df,57,30,2,2
103.82.241.206,144966bb7114,57,30,2,2
103.82.241.206,eb68cbb3ea3f,57,30,2,2
103.82.241.206,008422a27a18,57,30,2,2
103.91.136.18,85903c51c76a,54,31,1,4
103.93.248.247,1a9cf149b20d,52,30,2,5
103.93.248.247,7ff3d7752633,52,30,2,5
103.93.248.247,8c13be736eab,52,30,2,5
103.93.248.247,5c0d62de133d,52,30,2,5
103.93.248.247,59a61bc0671e,52,30,2,5
103.98.131.106,b8fdb9f06ecd,54,29,2,4
103.98.131.106,fb76d9c08830,54,29,2,4
103.98.131.106,e0914f0b475e,54,29,2,4
103.98.131.106,443535e689ec,54,29,2,4
103.98.131.106,596791f6ca8e,54,29,2,4
103.98.131.106,4f36b162a3ab,54,29,2,4
103.98.131.106,28cb8e289011,54,29,2,4
103.98.131.106,6d4e52f8d9e9,54,29,2,4
104.160.0.76,52552443dacd,58,29,3,2
104.248.197.210,ebbb87f5389c,54,29,2,4
104.248.197.210,3643511951e4,54,29,2,4
104.248.197.210,47f2ee372fde,54,29,2,4
104.248.197.210,f33fadb42fea,54,29,2,4
104.248.197.210,1c13c9dda1cf,54,29,2,4
104.248.197.210,c6674f6f9da6,54,29,2,4
104.248.197.210,b4091930206f,54,29,2,4
104.248.197.210,6e11e0657938,54,29,2,4
104.28.238.182,443035046944,58,29,0,5
104.28.238.182,b6e39210531b,58,29,0,5
106.222.230.108,0bff231d7b66,59,34,1,0
106.246.255.83,3396c4e635cd,56,30,2,2
106.246.255.83,96a184c811bd,56,30,2,2
106.246.255.83,b177a5ab2f63,56,30,2,2
106.246.255.83,6cae1b2fdf4b,56,30,2,2
106.51.92.114,dea74890982d,52,30,2,5
106.75.241.35,52eac2b2eb18,55,30,3,3
106.75.241.35,008e163e48ca,55,30,3,3
106.75.241.35,dd8a034ec2d6,55,30,3,3
106.75.88.44,51d2b2017898,52,30,2,5
106.75.88.44,f075b46dc34a,52,30,2,5
106.75.88.44,91e528ddb026,52,30,2,5
107.173.85.161,de5dec7ad36f,53,30,2,5
107.173.85.161,5e597af1c5dd,53,30,2,5
107.173.85.161,9ef22aa7fe92,53,30,2,5
107.173.85.161,cdc115e661a0,53,30,2,5
107.173.85.161,5959f94a8da7,53,30,2,5
107.173.85.161,6e98b82968d4,53,30,2,5
107.175.245.71,c06d760518cb,56,30,2,2
107.175.245.71,4d11856b586f,56,30,2,2
107.175.245.71,968a6e097fde,56,30,2,2
107.175.245.71,7b6b50523166,56,30,2,2
107.175.245.71,0cccecd28152,56,30,2,2
109.107.189.235,c3cbfcfc2aae,59,31,1,1
109.107.189.235,bb6f3b105d4e,59,31,1,1
109.107.189.235,86e02964cada,59,31,1,1
109.117.101.104,f1c45365a58f,60,32,0,1
109.137.19.53,f5c587f99e06,60,32,1,0
109.167.200.10,3283ccf431c0,52,29,3,5
109.167.200.10,b8d9827a7bca,52,29,3,5
109.167.200.10,06b8c31451d7,52,29,3,5
109.167.200.10,b635d3249ef4,52,29,3,5
109.71.253.45,d6dbb3ec1e6c,56,28,4,2
109.71.253.45,695db5bf1601,56,28,4,2
109.71.253.45,d2ebeaec38a8,56,28,4,2
109.71.253.45,fb9f6b4300c3,56,28,4,2
109.71.253.45,541333de0c25,56,28,4,2
109.95.209.159,ea7abf9bb70f,62,30,1,0
110.166.87.119,1873a90f7fbb,54,30,3,4
110.166.87.119,121f301c3acd,54,30,3,4
110.166.87.119,27dee2833a27,54,30,3,4
110.49.76.244,5d93c5bfe328,52,30,2,6
111.67.198.5,387f08a3754e,60,31,1,2
112.133.206.55,d86c4742dd4a,56,31,2,2
112.133.228.250,9f3dd73dfd5e,50,30,1,7
112.221.85.251,c2646bdc3277,57,29,3,4
113.142.56.236,667624cf4d28,53,30,2,5
113.142.56.236,b7cff1303c32,53,30,2,5
113.16.193.95,fd774a21a89e,55,30,2,4
113.16.193.95,cb2e1a447fd4,55,30,2,4
113.16.193.95,ca2b3b1d2517,55,30,2,4
113.31.107.202,fea87b302d0e,57,32,1,1
113.31.107.202,29de5056dc99,57,32,1,1
113.62.172.29,799c33482a58,51,31,3,5
114.117.165.114,a7202b2f2bff,55,30,2,4
114.117.165.114,1bc6c047fe2f,55,30,2,4
114.117.165.114,14f6516edc88,55,30,2,4
114.206.23.151,b5476b7db07a,51,30,3,5
114.206.23.151,50d00784867c,51,30,3,5
114.217.18.70,118fe09b3f4c,58,31,2,2
114.217.33.167,870528d48248,56,30,2,2
114.217.33.167,7563e08621e8,56,30,2,2
114.217.33.167,d4aa2bcd0449,56,30,2,2
114.217.33.167,24d4002258ac,56,30,2,2
114.67.80.148,8a541fc4024f,54,29,2,3
114.67.80.148,60bbc8203c2b,54,29,2,3
114.67.80.148,b48bc140a758,54,29,2,3
114.67.80.148,75f0f85a1260,54,29,2,3
114.67.80.148,903bc9982bd6,54,29,2,3
114.67.80.148,c0447389d41c,54,29,2,3
114.67.80.148,2ca8a1536302,54,29,2,3
114.67.80.148,39487035009e,54,29,2,3
115.160.110.96,0b28c1c803a5,55,28,4,3
115.241.83.2,555c7823436e,52,29,2,6
115.71.237.81,78415188f322,57,30,2,2
115.91.91.182,4acaf6dcb115,51,30,2,5
115.91.91.182,30f5e20192b6,51,30,2,5
115.91.91.182,b3b8a7e40137,51,30,2,5
115.91.91.182,f65ede6bff59,51,30,2,5
116.172.130.191,175c8df32d1d,52,30,1,5
116.193.190.90,b3b727e210bf,56,31,2,2
116.193.190.90,bcc305f4f5ce,56,31,2,2
116.193.190.90,a107acae5ee3,56,31,2,2
116.204.183.207,e1465708f955,54,31,1,4
116.204.183.207,8fd70982b143,54,31,1,4
116.204.183.207,d0538b23008a,54,31,1,4
116.204.183.207,cb19f0506b41,54,31,1,4
116.204.183.207,7771fec3b6a0,54,31,1,4
116.204.183.207,ad0c17864093,54,31,1,4
116.204.183.207,d8dc8ea5b56c,54,31,1,4
116.253.214.44,58443ce4ff07,54,30,3,4
116.253.214.44,b8d1cf809c7a,54,30,3,4
116.253.214.44,b9891053caf1,54,30,3,4
116.255.159.152,1dd5c5ea172c,54,30,4,4
116.255.159.152,f967e917fdcf,54,30,4,4
116.255.159.152,144ce23105ac,54,30,4,4
116.255.189.120,9f6824f631b2,56,31,1,2
116.255.189.120,2b4fff9bcad0,56,31,1,2
116.255.189.120,a1d7494470e2,56,31,1,2
116.255.189.120,2e7947c68c2f,56,31,1,2
116.255.189.120,582e7fce69b1,56,31,1,2
116.255.189.120,4f8bc70e8212,56,31,1,2
116.255.189.120,741e20148182,56,31,1,2
117.102.86.164,4048c6b3759b,54,31,2,5
117.102.86.164,53d93991ea20,54,31,2,5
117.102.86.164,efb2f92f9677,54,31,2,5
117.102.86.164,13a2b72d6ee1,54,31,2,5
117.102.86.164,78186705771d,54,31,2,5
117.21.178.12,95afc3aad796,54,30,2,4
117.21.178.12,568ed063d7b5,54,30,2,4
117.21.178.12,31d1d4f10d09,54,30,2,4
117.33.148.176,3c6f749e1e76,59,33,1,1
117.33.148.176,2a88bdc229d7,59,33,1,1
117.33.148.176,b42d458d088b,59,33,1,1
117.33.148.176,76360947e802,59,33,1,1
117.33.174.171,6a2fe6b0d691,55,32,1,2
117.33.174.171,41b02fe88c89,55,32,1,2
117.33.231.35,da36e8b457b2,56,29,3,3
117.33.231.35,70e9551c7c41,56,29,3,3
117.33.231.35,26775af574e8,56,29,3,3
117.33.231.35,fe9969caf24a,56,29,3,3
117.33.231.35,6973a8bf1698,56,29,3,3
117.33.231.35,29f6ab5d12ca,56,29,3,3
117.50.172.50,1662f7e4243a,52,29,2,5
117.50.172.50,f22e37b671cc,52,29,2,5
117.50.187.91,19d8624424e8,53,30,1,5
117.50.187.91,6d215a7d3e7b,53,30,1,5
117.72.47.216,73688b8b24f7,56,31,2,3
117.72.47.216,26c25ff4368e,56,31,2,3
117.72.47.216,061d533597cd,56,31,2,3
117.72.47.216,f34edaca5b43,56,31,2,3
117.9.170.15,4e0d585cc1f5,59,33,1,1
118.121.60.109,f1b90bba6ab3,56,30,0,6
118.122.147.249,9b52b5aabf92,56,30,2,2
118.122.147.249,cbba6cff2916,56,30,2,2
118.122.147.249,7ff3d52e16d6,56,30,2,2
118.193.43.52,a3c7870a74e5,53,31,2,4
118.201.79.222,9799a7f86656,53,30,3,2
118.201.79.222,6653155a7cee,53,30,3,2
118.201.79.222,76f8c7dbd756,53,30,3,2
118.26.37.36,dd5c1d92ab93,58,29,2,4
118.46.216.122,edbfbed055b5,54,30,3,2
119.160.192.75,8bbe048c28b5,53,29,2,5
119.160.192.75,ae546f4b929f,53,29,2,5
119.96.170.117,b020131a9143,53,29,4,4
119.96.170.117,7b5986aa3031,53,29,4,4
12.156.67.18,ad213b0f6351,51,29,2,6
12.156.67.18,05f5d02b1749,51,29,2,6
12.156.67.18,d1f238ccc87b,51,29,2,6
12.156.67.18,92de6fa0dae5,51,29,2,6
12.156.67.18,d720b36bd883,51,29,2,6
12.156.67.18,6c4f9e7542a3,51,29,2,6
12.156.67.18,66f38c1b9277,51,29,2,6
12.156.67.18,a46d9c60074e,51,29,2,6
120.28.109.188,37e0f6aae6ec,50,31,2,6
120.28.109.188,5b7629959288,50,31,2,6
120.28.109.188,8736a9b52b61,50,31,2,6
120.28.109.188,54006219326d,50,31,2,6
120.28.109.188,3829c772a09b,50,31,2,6
120.48.100.91,ebc2f1bcf7c9,57,30,2,3
120.48.100.91,5c1a1530da09,57,30,2,3
120.48.100.91,a291f1826369,57,30,2,3
120.48.100.91,3b6529d164df,57,30,2,3
120.48.100.91,9413d24013e1,57,30,2,3
120.48.100.91,f206abec37bd,57,30,2,3
121.163.199.97,5e3bea1404cb,57,31,2,3
121.163.199.97,88fbfa527e61,57,31,2,3
121.163.199.97,a7c70ce6083c,57,31,2,3
121.163.199.97,e4704f61a58b,57,31,2,3
121.163.199.97,3ed587f2344e,57,31,2,3
121.163.199.97,9a7a501e2872,57,31,2,3
121.224.115.232,c07c5d855ebb,51,30,2,6
121.224.115.232,69212358c324,51,30,2,6
121.224.115.232,cd988e4ad763,51,30,2,6
121.228.31.181,b63eb6ec18f5,55,28,3,3
121.228.31.181,b414584e8c81,55,28,3,3
121.228.31.181,121ec3922a6f,55,28,3,3
121.228.31.181,098dae92f195,55,28,3,3
121.228.31.181,f86434d15b87,55,28,3,3
122.166.188.101,a50fced59e40,56,31,1,2
122.3.192.83,45fd123f8633,51,31,3,4
122.3.192.83,9ed5a224fbff,51,31,3,4
122.38.251.9,40786b94d9cd,56,30,2,2
122.38.251.9,1e2c8f8e9e45,56,30,2,2
122.46.16.230,64abb92a80b3,57,31,1,1
123.231.237.22,65a998174f1b,59,28,4,2
123.231.237.22,0eeef0093dee,59,28,4,2
123.231.237.22,9142e68dcb58,59,28,4,2
123.231.237.23,13f4230977ef,58,27,3,4
123.231.237.23,9167bde3e1c8,58,27,3,4
123.231.237.23,f42d7add0f0d,58,27,3,4
124.156.193.71,5ef9ddd8766b,55,30,2,3
124.221.242.4,42af5fad721a,55,29,3,4
124.223.45.97,513ebf7947e3,55,31,1,4
124.225.202.31,9eda44455286,53,29,3,5
124.67.68.118,1171520969a7,53,27,2,6
125.141.84.135,5cf98f2000e9,54,30,1,5
125.164.9.52,e60d0b15563a,58,31,1,3
125.164.9.52,681de3fd0334,58,31,1,3
125.164.9.52,33d907e8ad45,58,31,1,3
125.21.59.218,8b8c05ccca92,52,30,3,4
128.65.125.146,b45a1f1ee562,58,29,3,3
128.65.125.146,0a37f8c73adf,58,29,3,3
128.65.125.146,406da8f735a7,58,29,3,3
129.226.198.6,8f796161d1a4,57,31,2,1
129.226.198.6,814b48b8e65a,57,31,2,1
129.226.198.6,93fe699e2a8b,57,31,2,1
129.226.215.132,7f844d5d647f,55,31,2,3
129.226.215.132,d0337f17fa68,55,31,2,3
129.226.215.132,2385de744c4f,55,31,2,3
129.226.215.132,01a9860ad338,55,31,2,3
129.226.215.132,ae3458b2cc31,55,31,2,3
129.226.215.132,62f3d71b8270,55,31,2,3
129.93.241.5,958a03508b18,58,30,2,3
129.93.241.5,70aca406b614,58,30,2,3
129.93.241.5,a4f104767e22,58,30,2,3
129.93.241.5,0f035d7594a8,58,30,2,3
129.93.241.5,1e17953b7ce1,58,30,2,3
13.200.30.158,ee87f9212779,63,28,1,0
13.200.30.158,28f229a7f200,63,28,1,0
13.200.30.158,3258ee295406,63,28,1,0
134.122.8.241,63a3a6e307fe,51,29,2,6
134.122.8.241,6695b284581f,51,29,2,6
134.122.8.241,2597dacc7031,51,29,2,6
134.122.8.241,ea9d6f838efc,51,29,2,6
134.122.8.241,f24cb2cb2dfb,51,29,2,6
134.122.8.241,ed62769e8e1c,51,29,2,6
134.122.8.241,ca005710d244,51,29,2,6
134.209.250.243,3c865f474181,56,31,1,3
134.209.250.243,ab3c173f0d54,56,31,1,3
134.209.250.243,587846cb1d25,56,31,1,3
134.209.250.243,78ffff8044bf,56,31,1,3
134.209.250.243,865e2192c906,56,31,1,3
134.209.27.56,d1824952de77,53,30,1,4
134.209.87.38,660e9af75dad,58,31,1,2
134.209.87.38,c9eb7db57ff8,58,31,1,2
134.209.87.38,c118ff4fffae,58,31,1,2
134.209.87.38,cc7671038954,58,31,1,2
134.209.87.38,61234c3c7ee0,58,31,1,2
134.209.87.38,55a16c157aa1,58,31,1,2
134.255.180.95,86cf163c4417,59,33,1,0
134.255.180.95,5607638d8a56,59,33,1,0
134.255.180.95,d61f914db993,59,33,1,0
134.255.180.95,738cc5f8cfdc,59,33,1,0
134.255.180.95,fc509d20a593,59,33,1,0
136.228.161.66,69307d03ee8b,52,30,2,6
136.228.161.66,6d019c0af229,52,30,2,6
136.228.161.66,87b4ed03d932,52,30,2,6
136.228.161.66,85cd9d8b484f,52,30,2,6
136.228.161.66,9d95fe19dd2f,52,30,2,6
136.232.11.10,bdc256d02a73,52,29,2,5
136.232.11.10,b3c30b80c92a,52,29,2,5
136.232.203.134,41d7f022ed9a,52,28,3,5
137.184.0.177,ee3b63357bf8,52,29,2,5
137.184.148.230,499f0f152b5e,60,29,3,0
137.184.76.77,3ca60ce57aa2,52,29,2,5
137.184.76.77,0e5462556312,52,29,2,5
137.184.76.77,a2fdcbd9156a,52,29,2,5
137.184.76.77,af5c1d0af406,52,29,2,5
137.184.76.77,70fe0e7d0ab1,52,29,2,5
137.184.88.74,b38c486470fa,56,28,3,3
137.184.88.74,07bee010e14a,56,28,3,3
137.184.88.74,79d369b39619,56,28,3,3
137.184.88.74,b73f828b22a1,56,28,3,3
137.184.88.74,6656aae4efba,56,28,3,3
137.184.88.74,ad57d7529df8,56,28,3,3
138.117.224.2,3f943a38f21c,56,31,1,2
138.117.224.2,2ed738c9f078,56,31,1,2
138.117.224.2,14c1d998b44c,56,31,1,2
138.117.224.2,4d17fe16caa8,56,31,1,2
138.117.224.2,f11729b431ec,56,31,1,2
138.197.115.99,d12fb10514e1,59,29,2,3
138.68.146.108,dc9741e8c641,59,32,1,1
138.68.146.108,de7a58ac34e5,59,32,1,1
138.68.146.108,930314db1015,59,32,1,1
138.68.146.108,fb36c4548879,59,32,1,1
138.68.146.108,aed762a6b6d1,59,32,1,1
138.68.146.108,d10fd55b3c8f,59,32,1,1
138.68.146.108,0f079201a155,59,32,1,1
138.68.146.108,280688fb6fc0,59,32,1,1
138.68.146.108,56ea257586ea,59,32,1,1
138.68.146.108,a6644be92c2b,59,32,1,1
138.68.146.108,31008c1cd164,59,32,1,1
138.68.146.108,e77ab8215c91,59,32,1,1
138.68.148.139,af1da0514302,55,30,3,4
138.68.148.139,7a8050721656,55,30,3,4
138.68.148.139,0b482401f18f,55,30,3,4
138.68.148.139,acc3facf3437,55,30,3,4
138.68.148.139,d2d397d58e39,55,30,3,4
138.68.148.139,412256719694,55,30,3,4
138.68.151.15,e65094f900a5,54,32,0,4
138.68.185.61,e964e968d167,56,32,1,2
138.68.19.125,49330d7f9260,56,30,3,2
138.68.19.125,3140dabb9203,56,30,3,2
138.68.19.125,cb7c5a1c8fca,56,30,3,2
138.68.19.125,521d0adf01c0,56,30,3,2
138.68.19.125,8e26a591c84e,56,30,3,2
138.68.19.125,d8b7122c59d9,56,30,3,2
138.68.19.125,e9966797f1c3,56,30,3,2
139.155.30.57,00a56f05f050,56,31,2,2
139.59.10.188,71839d12d9fd,57,29,2,2
139.59.10.188,c08ddb919324,57,29,2,2
139.59.10.188,de8b19a395ac,57,29,2,2
139.59.10.188,74854a268af6,57,29,2,2
139.59.10.188,6d5151e8fc0b,57,29,2,2
139.59.10.188,634a5b9710e4,57,29,2,2
139.59.10.188,3ccacd99b97c,57,29,2,2
139.59.181.43,5a0b949d2043,56,31,1,2
14.103.40.38,f2f6677b926b,55,30,2,4
14.108.212.186,f07340b15f88,57,31,2,3
14.116.190.92,bfe0b23703a4,58,31,1,1
14.116.190.92,cc0ea5775464,58,31,1,1
14.143.255.43,3153a0279947,57,30,2,1
14.143.255.43,75a7225bf22e,57,30,2,1
14.143.255.43,2684938365aa,57,30,2,1
14.143.255.43,860c94e66625,57,30,2,1
14.143.255.43,82440a262786,57,30,2,1
14.143.255.43,0d56b61da3d7,57,30,2,1
14.225.231.149,2f2b8cdab933,56,25,3,8
14.225.231.149,e15703fcfa0a,56,25,3,8
14.225.231.149,72c787283ca9,56,25,3,8
14.225.231.149,e75c816bbe48,56,25,3,8
14.38.13.57,ed1337a9dcba,55,29,2,4
14.56.193.140,fa1ce69dfe8a,52,31,1,4
140.246.215.239,ee5817e05ac9,59,30,2,1
140.246.215.239,6831782c7037,59,30,2,1
140.246.215.239,1697530eae3c,59,30,2,1
140.246.247.122,4af697847f9a,53,28,3,5
140.246.38.1,771e8c086694,56,30,3,2
140.246.38.1,ce3df2068d5e,56,30,3,2
140.86.12.31,e585877a9c22,52,29,2,5
140.86.12.31,3cb31c487218,52,29,2,5
140.86.12.31,4d3f50f55e58,52,29,2,5
140.86.12.31,7d87e4cb5a15,52,29,2,5
140.86.12.31,dbf09849c6f6,52,29,2,5
140.86.39.162,002baf7873b0,55,27,2,5
142.4.2.25,c845fa5a6b1a,55,31,2,3
142.4.2.25,80bdaad65ff5,55,31,2,3
142.4.2.25,17946f05f19f,55,31,2,3
142.4.2.25,af4fa95104b8,55,31,2,3
142.4.2.25,d0a05cc360bd,55,31,2,3
142.4.2.25,722c1c1142a2,55,31,2,3
142.4.2.25,3b2f439e1855,55,31,2,3
142.4.2.25,08f61b6c003f,55,31,2,3
142.93.163.217,5235e2deccb4,56,30,3,1
142.93.197.192,eb9116fb53d9,57,30,2,2
142.93.197.192,d2076443449d,57,30,2,2
142.93.197.192,f3d18d7f8821,57,30,2,2
142.93.227.89,fecfca662a32,60,33,0,0
143.110.253.119,edecd1ffbac8,57,31,1,3
143.110.253.119,4ac79add2b05,57,31,1,3
143.110.253.119,c5c8a2bed3c4,57,31,1,3
143.110.253.119,a021daff40d9,57,31,1,3
143.110.253.119,ebeb30c75ec1,57,31,1,3
143.110.253.119,301020abe8d1,57,31,1,3
143.110.253.119,36116302cbeb,57,31,1,3
143.110.253.119,5334c2733f94,57,31,1,3
143.110.253.119,e0560c767141,57,31,1,3
143.198.146.239,7c9db38cb2b2,53,28,2,4
143.198.146.239,4e7c0fd6bea0,53,28,2,4
143.198.146.239,53c5c296b3bc,53,28,2,4
143.198.3.219,7c420bc688c8,58,28,3,1
143.198.3.219,1e46330c1a9e,58,28,3,1
143.198.87.153,d46d78aa9579,55,30,2,2
143.244.180.103,d15450502d1e,55,32,2,2
143.244.180.103,0bfb9504a704,55,32,2,2
143.244.180.103,6ef3d82ab405,55,32,2,2
143.244.180.103,3a63155b3f45,55,32,2,2
144.217.89.216,1fbe6530a537,57,31,2,1
144.217.89.216,60bc1e767e0c,57,31,2,1
144.217.89.216,1d2d752da410,57,31,2,1
144.217.89.216,76cef3c1ec34,57,31,2,1
144.217.89.216,d2e5b3952c9b,57,31,2,1
144.217.89.216,3c304c68c5ad,57,31,2,1
144.217.89.216,50af86ee957e,57,31,2,1
144.217.89.216,02390011910e,57,31,2,1
146.190.102.80,c1f3101665c4,55,31,1,4
146.190.102.80,dee01a5586ed,55,31,1,4
146.190.102.80,d5c660a7aebd,55,31,1,4
146.190.102.80,712c01efa21a,55,31,1,4
146.190.103.233,f040bff368f2,53,31,2,4
146.190.104.244,f0824134e92a,54,31,1,3
146.190.104.244,e59170fcb6b3,54,31,1,3
146.59.230.1,20802ad6601e,54,31,1,4
146.59.230.1,f4f345f516a1,54,31,1,4
146.59.230.1,fa936440f5d2,54,31,1,4
146.59.230.1,fd444d948954,54,31,1,4
148.74.148.131,7262b5587e96,57,29,3,1
148.74.148.131,c14816382cc4,57,29,3,1
149.78.186.161,30ec7365cd60,55,31,2,3
149.78.186.161,ca2dfbf6633f,55,31,2,3
149.78.186.161,2a0acd33c708,55,31,2,3
149.78.186.161,b64f0ee958e3,55,31,2,3
149.78.186.161,c06b7430493e,55,31,2,3
149.78.186.161,b9241a93af8a,55,31,2,3
149.78.186.161,21baf729b430,55,31,2,3
149.78.186.161,f917136af503,55,31,2,3
15.235.163.70,87ba3e65932a,55,30,1,4
15.235.163.70,5e08482bc24b,55,30,1,4
15.235.163.70,349243bd26af,55,30,1,4
15.235.184.198,200abf5bc3a5,55,28,2,3
15.235.184.198,0cca75213c31,55,28,2,3
15.235.184.198,88b12d8b7349,55,28,2,3
15.235.184.198,74612a6d67ff,55,28,2,3
15.235.207.53,5072d598f73e,55,30,1,4
150.223.61.89,38bb3756a74f,57,31,2,1
150.223.78.207,906eea5a6118,57,29,3,1
150.223.78.207,c36af4d40e8f,57,29,3,1
150.223.78.207,c5e9c6343ecf,57,29,3,1
150.95.82.98,42552b58cf82,53,29,2,5
150.95.82.98,dc6d38a94253,53,29,2,5
150.95.82.98,e3c01ed363e1,53,29,2,5
151.35.127.61,bf80889c4ba2,61,32,0,0
151.57.120.215,1e6ab11f5b5f,0,94,0,0
151.80.149.86,56f8058d3422,56,31,2,2
151.80.149.86,c0b99fc54d3a,56,31,2,2
152.228.131.33,1c38354cc0f3,53,30,2,6
152.228.164.249,76ef8b6eade2,55,29,1,4
152.228.164.249,f80b7abbb692,55,29,1,4
152.228.164.249,7d379eaad389,55,29,1,4
152.228.164.249,025a0308e344,55,29,1,4
152.228.164.249,f6fa85763d9c,55,29,1,4
152.228.164.249,a0429c087def,55,29,1,4
152.228.164.249,445601e5fa5f,55,29,1,4
152.42.208.222,5941196474f8,54,31,2,3
152.42.208.222,7ec1dc7c57be,54,31,2,3
152.42.208.222,34e5454f46b7,54,31,2,3
152.42.245.17,55aa5a57204a,56,31,2,2
152.42.245.17,e0da910cb7b3,56,31,2,2
152.42.245.17,7e304e28b579,56,31,2,2
156.245.5.12,84d8c0c2f773,55,31,2,4
156.245.5.12,785941d065a3,55,31,2,4
156.245.5.12,fd466abb9cc7,55,31,2,4
156.245.5.12,3292d6592dcd,55,31,2,4
156.245.5.12,a6e4db111dd5,55,31,2,4
156.245.5.12,db6bc5bc949b,55,31,2,4
156.67.82.101,75890284020c,59,33,1,1
156.67.82.101,59a022c8f40f,59,33,1,1
157.230.228.48,d3d4c0ff6cd2,55,29,3,4
157.230.228.48,9b6fbf4582af,55,29,3,4
157.230.228.48,611b10f0978c,55,29,3,4
157.230.228.48,127cf7854eea,55,29,3,4
157.230.228.48,863dd487babe,55,29,3,4
157.230.228.48,de7ca63dfbe6,55,29,3,4
157.230.228.48,644a1e1e2c83,55,29,3,4
157.245.109.206,82e9289285ad,54,31,3,3
157.245.109.206,70986e7a6934,54,31,3,3
157.245.126.60,74ab7ba008a9,54,28,2,4
157.245.126.60,78598c5ebfc1,54,28,2,4
157.245.126.60,ce03da1e555a,54,28,2,4
157.245.126.60,80233242a798,54,28,2,4
157.245.126.60,94d20b9bb56b,54,28,2,4
157.245.126.60,d0bacfe579b4,54,28,2,4
157.245.126.60,f9119e01e89b,54,28,2,4
157.245.126.60,ab669ff1c238,54,28,2,4
157.245.126.60,bf9bb5d6a37a,54,28,2,4
157.245.126.60,6c981c4610eb,54,28,2,4
157.245.126.60,96d6e5a0ff1a,54,28,2,4
157.245.126.60,7698ad9340b3,54,28,2,4
157.245.126.60,7d2eebd080b4,54,28,2,4
157.245.251.23,791bd1f2ebd5,55,28,2,8
157.245.52.211,5ecff5237085,57,28,4,4
157.245.52.211,415af1631797,57,28,4,4
157.245.52.211,782f3d51a0bf,57,28,4,4
157.245.52.211,e240fe5531dc,57,28,4,4
157.66.54.115,d045f5ff445e,59,29,3,1
157.66.54.115,03f1491cca9d,59,29,3,1
157.66.54.115,2fe3337654e7,59,29,3,1
157.66.54.115,b12957ed3144,59,29,3,1
157.66.54.115,dd0c3c660103,59,29,3,1
159.146.11.164,9b371d5592b3,54,29,3,2
159.146.11.164,f019f4229163,54,29,3,2
159.146.11.164,01f819515e05,54,29,3,2
159.146.11.164,53ddb770c6df,54,29,3,2
159.146.11.164,02c08e37ea21,54,29,3,2
159.146.11.164,3e6acedae13f,54,29,3,2
159.146.11.164,d45f6bc2450c,54,29,3,2
159.203.112.234,b906a6a32929,55,30,1,4
159.203.112.234,051202df7478,55,30,1,4
159.203.112.234,4b1b07d8d2b8,55,30,1,4
159.203.143.4,a479d889c58f,55,30,1,4
159.203.143.4,357dfc5faa4e,55,30,1,4
159.203.143.4,818525be6fe0,55,30,1,4
159.203.143.4,030ad5f753c3,55,30,1,4
159.203.143.4,71566780e8f0,55,30,1,4
159.203.143.4,71750429b5fa,55,30,1,4
159.203.143.4,a77ba2c0ac8e,55,30,1,4
159.223.162.68,5dd45bd7cb74,55,30,2,3
159.223.33.49,8a06cbf5e940,53,32,0,4
159.223.33.49,d47f16c1f93a,53,32,0,4
159.223.33.49,0b9f9e121588,53,32,0,4
159.223.33.49,265e8db69148,53,32,0,4
159.223.65.161,5fd067360c28,53,29,2,4
159.223.65.161,b78a883cf91e,53,29,2,4
159.223.90.186,de9ad6701777,52,31,2,6
159.65.161.18,21f2bdb30391,57,30,2,3
159.65.161.18,181861f36023,57,30,2,3
159.65.161.18,39e07c472822,57,30,2,3
159.65.161.18,81de23bdd251,57,30,2,3
159.65.161.18,30483e4919db,57,30,2,3
159.65.161.18,038d621545ba,57,30,2,3
159.65.161.18,3310f7b468b1,57,30,2,3
159.89.168.110,d028e6ddfc4a,55,31,1,3
159.89.168.110,3caa8c0bbecb,55,31,1,3
159.89.168.110,7c068fdeb48b,55,31,1,3
159.89.168.110,d3528751471f,55,31,1,3
159.89.168.110,ca60f48af297,55,31,1,3
159.89.168.110,ed09435d8a55,55,31,1,3
161.132.180.115,c6394d5e1be8,50,29,3,6
161.132.180.115,1843e90a600a,50,29,3,6
161.35.121.67,eb9088f24f6d,56,31,1,2
161.35.122.26,45266c9a60e1,55,31,2,2
161.35.122.26,42f3c89b6cd6,55,31,2,2
161.35.122.26,1ee3856c960d,55,31,2,2
161.35.122.26,8057cfaa2056,55,31,2,2
161.35.122.26,8d72cc6b964d,55,31,2,2
161.35.122.26,a22789a711ad,55,31,2,2
161.35.204.169,38edd636bc6c,57,31,1,3
161.35.204.169,efbefe6e4eb6,57,31,1,3
161.35.204.169,97e2f32cd9c2,57,31,1,3
161.35.204.169,7eb6d538e203,57,31,1,3
161.35.204.169,a7d8a70a72c4,57,31,1,3
161.35.204.169,b369f9f4dd66,57,31,1,3
161.35.204.169,cadb9fe14830,57,31,1,3
161.35.221.197,ed3feb5bb777,53,30,2,6
161.35.221.197,762e2ec17fde,53,30,2,6
161.35.221.197,aea963311106,53,30,2,6
161.35.221.197,7e7ae646c088,53,30,2,6
161.35.221.197,37bf474d9b15,53,30,2,6
161.35.221.197,c390023397cf,53,30,2,6
161.82.250.36,037ac02a5061,55,29,2,7
161.82.250.36,c8a752598337,55,29,2,7
161.82.250.36,af848b882625,55,29,2,7
161.82.250.36,e346f9f9bf29,55,29,2,7
161.82.250.36,6425678c668f,55,29,2,7
161.82.250.36,927a4a8df224,55,29,2,7
162.19.250.16,67ad1fe4ecfc,56,29,1,4
162.19.250.16,48ce2c1801c7,56,29,1,4
162.19.48.19,b9fd66e28eaa,54,31,1,4
162.19.48.19,c49d2c8999b9,54,31,1,4
162.19.48.19,51f70640940b,54,31,1,4
162.19.48.19,87970ce801ed,54,31,1,4
162.19.48.19,c3a7925140ac,54,31,1,4
164.77.117.10,2fa464e90bc7,54,30,1,5
164.77.117.10,2936a88f4440,54,30,1,5
164.90.224.212,997567d7902e,58,30,2,2
164.90.224.212,5b3dc2d10a88,58,30,2,2
164.92.78.64,8bb92cabb8c2,58,28,2,4
164.92.78.64,c128ad581a92,58,28,2,4
165.154.11.113,1d5ab54eb137,57,31,1,2
165.154.11.113,2e0142318fbf,57,31,1,2
165.154.11.113,ddbee1473396,57,31,1,2
165.154.11.113,71d2a69e8971,57,31,1,2
165.154.187.12,498a52e457ab,54,30,2,4
165.154.187.12,778bb2aaef6b,54,30,2,4
165.154.19.74,42f95c1ffbbd,55,31,3,2
165.154.19.74,eeff6883abc3,55,31,3,2
165.154.19.74,82b2b4d59561,55,31,3,2
165.154.19.74,e168fde15a10,55,31,3,2
165.154.19.74,5ecd9eaab113,55,31,3,2
165.154.19.74,55f2ba1bee96,55,31,3,2
165.154.19.74,df13825d4829,55,31,3,2
165.154.19.74,be83966aa596,55,31,3,2
165.154.19.74,a1242efc8676,55,31,3,2
165.154.19.74,7d3d7580b215,55,31,3,2
165.154.19.74,1299a597780c,55,31,3,2
165.154.19.74,f3764487f4f1,55,31,3,2
165.22.101.34,b9dd2340d111,56,29,2,2
165.22.101.34,b51df4e01260,56,29,2,2
165.22.101.34,2516757a9c71,56,29,2,2
165.22.101.34,b6be6ed085a8,56,29,2,2
165.22.101.34,62b9ef6e5148,56,29,2,2
165.22.101.34,727067c8548b,56,29,2,2
165.22.197.179,b755369fe887,54,29,3,3
165.227.193.212,e4959d5b10b9,54,30,2,4
165.227.245.17,c7c9c0d5c70d,53,30,2,4
165.227.245.17,192aaad58aa7,53,30,2,4
165.227.245.17,100f35ec0306,53,30,2,4
165.227.245.17,9469399bb6a4,53,30,2,4
165.232.135.104,d07378aaa513,57,31,1,1
165.232.135.104,b7bcf3684356,57,31,1,1
165.232.154.171,297e275a6d76,53,28,2,6
165.232.157.106,14fd18628ad5,55,31,2,2
165.232.179.80,394b09f42c35,57,30,2,4
165.232.179.80,59bf15f4b1f2,57,30,2,4
165.232.179.80,9f1bcc5c6965,57,30,2,4
165.232.179.80,a81eeca8eca4,57,30,2,4
165.232.180.105,020657f5b4cb,55,31,1,3
165.232.180.105,eb3b3ab0e8de,55,31,1,3
165.232.180.105,1260ca15dba9,55,31,1,3
165.232.180.105,bb0ea983d4fd,55,31,1,3
165.232.180.105,a3d8d435c4f8,55,31,1,3
167.114.114.51,21e68f02df63,56,30,1,3
167.114.115.235,056d1afdf8b0,55,32,1,3
167.114.115.235,5c47b40c94ae,55,32,1,3
167.114.115.235,3c7b38f6d1f6,55,32,1,3
167.114.115.235,106ff474da57,55,32,1,3
167.114.96.239,ea98c7ad7fa3,58,29,3,3
167.114.96.239,873fe63adecd,58,29,3,3
167.114.96.239,ab50889ff025,58,29,3,3
167.114.96.239,8b209d8a75ee,58,29,3,3
167.114.96.239,567cd7d6cd4f,58,29,3,3
167.114.96.239,e5c5dd718dbb,58,29,3,3
167.114.96.239,0206aca18bd2,58,29,3,3
167.114.96.239,0363bfb4e0d5,58,29,3,3
167.114.96.239,cc19b53cc91b,58,29,3,3
167.114.96.239,d6eb1461b47c,58,29,3,3
167.172.105.64,bd6d62ad24e4,56,30,2,3
167.172.105.64,b3635e70eb0a,56,30,2,3
167.172.105.64,a9f22e6030d2,56,30,2,3
167.172.105.64,2d8fa43c1f20,56,30,2,3
167.99.58.52,2759ac3fb668,56,32,1,2
167.99.58.52,b56a5230a8b6,56,32,1,2
167.99.58.52,d748506cf3da,56,32,1,2
167.99.58.52,1aeba14e93ba,56,32,1,2
167.99.58.52,2c3735673d4f,56,32,1,2
167.99.58.52,bcde574033cc,56,32,1,2
167.99.58.52,2fcd8c7bb575,56,32,1,2
167.99.58.52,6ff067adf4bc,56,32,1,2
170.79.37.82,7320b82aba6b,52,30,3,5
170.79.37.82,d39296f4386c,52,30,3,5
170.79.37.82,d3fcf3461e6e,52,30,3,5
170.79.37.82,430f2fe52d04,52,30,3,5
171.22.31.106,2d6fb375e9ba,59,27,4,2
171.22.31.106,f2bd0b69e24e,59,27,4,2
171.244.140.174,5a625ed56222,56,31,2,2
171.249.175.68,03b51d8fc989,59,31,2,1
171.249.175.68,63fd230e5c6a,59,31,2,1
172.174.5.146,3412f06ec685,53,29,2,6
172.174.5.146,07b4beff012a,53,29,2,6
172.174.5.146,995bdb762a82,53,29,2,6
172.174.5.146,bb593ccb8d26,53,29,2,6
172.174.5.146,3a394a4e55a4,53,29,2,6
172.174.5.146,6e43dc1c7539,53,29,2,6
172.174.5.146,f0891421bf2d,53,29,2,6
172.235.12.212,3103d2af189a,60,33,0,0
172.235.12.212,baed1c4e759e,60,33,0,0
172.235.12.212,30b9dffc4b01,60,33,0,0
173.212.226.153,0d09695eb356,57,32,1,1
173.212.226.153,b635a76a6b72,57,32,1,1
173.212.226.153,fe3be9071047,57,32,1,1
173.212.226.153,15724e24d678,57,32,1,1
173.212.226.153,f79faed4b5ac,57,32,1,1
173.212.226.153,bacd7ad13491,57,32,1,1
173.212.226.153,4252397ad283,57,32,1,1
173.249.20.245,337a6ff37c69,58,29,2,2
173.249.20.245,895ee285fc7a,58,29,2,2
174.138.22.222,cfd859a95a0b,56,29,2,6
174.138.22.222,f481b0ace276,56,29,2,6
175.106.17.99,d52889f6cb36,56,31,2,2
175.172.148.53,f924349aa5fa,58,34,1,1
175.203.118.149,26103df41f89,56,32,2,1
175.6.141.237,9e73d3733cb2,54,30,2,3
176.213.141.182,57c94a5c42c2,51,29,3,6
176.213.141.182,5af2eee313ee,51,29,3,6
176.213.141.182,e12e26bafa2c,51,29,3,6
176.213.141.182,fae46cb14da8,51,29,3,6
176.213.141.182,1a32a9784094,51,29,3,6
176.213.141.182,bdbf661a7b8d,51,29,3,6
176.213.141.182,e1c83dcc0464,51,29,3,6
176.213.141.182,eebcf4c39899,51,29,3,6
176.213.141.182,a606a9ac06ae,51,29,3,6
176.213.141.182,56e8a87c9010,51,29,3,6
176.226.130.30,9a79bfb9274e,58,27,4,1
176.226.130.30,87236362db43,58,27,4,1
176.226.130.30,ccd23d9c3995,58,27,4,1
176.226.130.30,87f66ed9b864,58,27,4,1
176.226.130.30,81e5753439d0,58,27,4,1
176.236.59.45,7cf065326b30,56,31,2,2
176.236.59.45,6a2896b17e47,56,31,2,2
176.236.59.45,60bc318b9591,56,31,2,2
176.96.243.175,5f4aa41c9325,53,31,2,3
176.96.243.175,16adf148cc51,53,31,2,3
176.96.243.175,570b027e803e,53,31,2,3
177.141.145.218,8d44d7f80fbc,58,32,1,2
177.141.145.218,ea0ac3a33d3f,58,32,1,2
177.141.145.218,ec32fb76ac7f,58,32,1,2
177.141.145.218,a77498029b66,58,32,1,2
177.141.145.218,2f35677c5938,58,32,1,2
177.41.214.220,9f2341d775fc,56,29,3,3
177.41.214.220,680d012c4f6c,56,29,3,3
177.41.214.220,517b53a21cf9,56,29,3,3
177.41.214.220,322fc0639ddb,56,29,3,3
177.41.214.220,bd7443ce8719,56,29,3,3
177.41.214.220,3eadb2e75b14,56,29,3,3
177.41.214.220,4fc832a54354,56,29,3,3
177.41.214.220,ba9940dd0ace,56,29,3,3
178.128.254.80,84451b26a61a,57,31,1,2
178.128.254.80,22272a96b484,57,31,1,2
178.128.254.80,8473c7285a02,57,31,1,2
178.128.254.80,e59a43849d1a,57,31,1,2
178.128.52.124,d8cdcdc9d15c,56,31,1,2
178.128.52.124,3e8d4c94b01a,56,31,1,2
178.128.52.124,d8bd66273ce2,56,31,1,2
178.128.52.124,6ce3a2c0443a,56,31,1,2
178.128.52.124,4dec80c999af,56,31,1,2
178.159.10.203,44e52f850771,55,34,1,2
178.217.72.50,10510c05c8f9,52,28,2,6
178.217.72.50,bf3cc75d1b7e,52,28,2,6
178.217.72.50,2d33bcf50c2f,52,28,2,6
178.217.72.50,2a7e3ff8fdfe,52,28,2,6
178.217.72.50,7ffe72c713be,52,28,2,6
178.217.72.50,8488e786a437,52,28,2,6
178.217.72.50,acdf238ccc8a,52,28,2,6
178.217.72.50,4211e5f83cec,52,28,2,6
179.107.107.139,15fc6e7cdd92,51,30,2,5
179.107.107.139,d0c3c51363e5,51,30,2,5
179.107.107.139,b56eae1a3395,51,30,2,5
179.109.96.118,bfcc39407331,52,29,2,5
179.33.186.151,f3f4221c2815,53,30,2,5
179.33.186.151,59b788d2ba21,53,30,2,5
179.33.186.151,da898bfda8d4,53,30,2,5
179.33.186.151,88177ba3a917,53,30,2,5
179.33.186.151,d31e5d1c6827,53,30,2,5
179.33.186.151,e03a0a917314,53,30,2,5
179.33.186.151,7ad2ad696572,53,30,2,5
179.87.221.56,4dc168b1bb50,57,28,2,6
179.87.221.56,0a28ceab3ce1,57,28,2,6
179.87.221.56,a0e8417418bb,57,28,2,6
179.87.221.56,2bf99897563a,57,28,2,6
179.87.221.56,af3e230613a8,57,28,2,6
179.87.221.56,a069f2499379,57,28,2,6
180.148.4.194,c808ac16f746,55,30,2,3
180.148.4.194,d9f910517cbd,55,30,2,3
180.148.4.194,7d74ddf7eb6f,55,30,2,3
180.148.4.194,867bca88fec6,55,30,2,3
180.148.4.194,96f397f928bd,55,30,2,3
180.150.254.14,7a0eb61f802a,56,29,2,3
180.150.254.14,e76fff01c3eb,56,29,2,3
180.150.254.14,b94769fa8190,56,29,2,3
180.150.254.14,2d0cc1443aec,56,29,2,3
180.150.254.14,5f282e5225d3,56,29,2,3
180.179.10.103,85dee5636161,59,30,3,2
180.247.139.95,d3f69484425a,56,31,3,3
180.247.139.95,5f98adcc07e5,56,31,3,3
180.247.139.95,a16d815043f9,56,31,3,3
180.247.139.95,dc82d7cc31e2,56,31,3,3
180.247.139.95,5177a9c1cea6,56,31,3,3
180.247.139.95,73877f02a6aa,56,31,3,3
180.247.139.95,8246ac6414cb,56,31,3,3
180.66.207.67,3e0b866e8608,56,31,1,3
180.76.166.82,ed37f0b3756e,58,29,3,1
180.76.166.82,e780fbfee4f7,58,29,3,1
180.76.166.82,53fc3fbdcd9d,58,29,3,1
180.76.166.82,5ef0fe3b8b05,58,29,3,1
181.104.24.47,123e15a332ee,56,30,1,3
181.104.24.47,af90abee873c,56,30,1,3
181.104.24.47,3b5c44877f0c,56,30,1,3
181.104.24.47,232b34102b48,56,30,1,3
181.104.24.47,6b2ee7dc9f99,56,30,1,3
181.104.24.47,5ca7eb225cff,56,30,1,3
181.104.24.47,9ad405c7feaa,56,30,1,3
181.212.81.228,cf8dd405f452,55,31,1,2
181.212.81.228,1fbcdafcf80c,55,31,1,2
181.212.81.228,6bdbcd892706,55,31,1,2
181.212.81.228,c22cd03074c1,55,31,1,2
181.212.81.228,140e676417bd,55,31,1,2
181.212.81.228,72c876f6e430,55,31,1,2
181.47.189.212,30ea0b2da435,51,30,3,6
181.47.189.212,d0fee57cb7bb,51,30,3,6
181.47.189.212,1532974c8d42,51,30,3,6
181.47.189.212,6166cc2e8dd6,51,30,3,6
181.47.189.212,51dc825c1484,51,30,3,6
181.49.50.6,f78933b435f1,51,29,3,5
181.49.50.6,1b733fabb452,51,29,3,5
181.49.50.6,afd96f700185,51,29,3,5
181.49.50.6,bc4b6bb0b463,51,29,3,5
181.49.50.6,d8503c4483bc,51,29,3,5
182.156.6.210,c9cf20b3acb9,57,29,3,4
182.16.245.79,22d069744b1d,49,29,3,7
182.16.245.85,8c0199e99878,51,29,3,5
182.16.245.85,4e09f1df7dff,51,29,3,5
182.16.245.85,3c7676b33b93,51,29,3,5
182.16.245.85,09c3a906f293,51,29,3,5
182.16.245.85,ff606d1b3253,51,29,3,5
182.16.245.85,b262c85649dd,51,29,3,5
182.16.245.85,9d5d1f19bbcc,51,29,3,5
182.253.156.173,23a73c175e42,55,29,2,3
182.253.156.173,21ea30b9ba6b,55,29,2,3
182.253.156.173,14c998569c4c,55,29,2,3
182.253.156.173,599b445622c2,55,29,2,3
182.253.156.173,1cc5638057d7,55,29,2,3
182.253.156.173,03257441d1c2,55,29,2,3
182.253.156.173,0835bac7c5a8,55,29,2,3
182.253.47.126,cd7586a86d00,56,32,1,2
182.253.47.126,8d352c15640b,56,32,1,2
182.253.47.126,39cdf4ba8669,56,32,1,2
182.253.47.126,85fd6362c501,56,32,1,2
182.43.233.229,fb3e9a2bc0fc,57,30,3,3
182.43.233.229,79eb53162786,57,30,3,3
182.43.233.229,2178ee622faf,57,30,3,3
182.43.233.229,bb19b879166a,57,30,3,3
182.43.233.229,3dbbc3e338c6,57,30,3,3
182.43.233.229,b6bd0a9f8b20,57,30,3,3
182.43.233.229,b9d6ac798a79,57,30,3,3
182.61.32.217,c6998a06c83c,57,30,4,2
182.61.32.217,ec835343ba16,57,30,4,2
182.61.32.217,6c72c4639457,57,30,4,2
182.61.32.217,ea94ec4fa224,57,30,4,2
182.72.142.62,1b5e437cdd1d,56,30,2,2
182.72.142.62,5eee79ccabad,56,30,2,2
182.72.142.62,c3e168dd8c44,56,30,2,2
182.72.142.62,dd321a0ac747,56,30,2,2
183.105.214.111,64f3c786365b,58,28,2,2
183.105.214.111,32b79458932f,58,28,2,2
183.105.214.111,9bf13eb8f4c8,58,28,2,2
183.105.214.111,0789d3d7e7d0,58,28,2,2
183.105.214.111,2ac4fd860523,58,28,2,2
183.242.244.9,6d738d890088,58,31,0,4
183.242.244.9,414fbd7d323e,58,31,0,4
183.242.244.9,d93c55fd3b81,58,31,0,4
183.242.244.9,c5715ad7c21c,58,31,0,4
183.242.245.85,434f63b1ec1d,58,29,1,4
183.249.84.29,f77c40a171d3,56,30,1,3
183.249.84.29,2dea23a2fd6c,56,30,1,3
183.249.84.29,ce014f67ff31,56,30,1,3
183.4.23.208,23d29a3a9b3f,61,32,0,0
183.63.103.84,2465b479a9aa,54,30,2,3
183.63.103.84,eb84f7f1459b,54,30,2,3
183.63.103.84,0afdfc9a7f47,54,30,2,3
183.63.103.84,2f8bd8b44f7d,54,30,2,3
183.82.126.193,9b16c70cf6e2,52,29,2,5
183.82.126.193,27c890f34efd,52,29,2,5
183.82.126.193,d6e6b408e5b2,52,29,2,5
185.146.1.9,5b3d10896849,51,30,2,6
185.146.1.9,d7caf8450dbe,51,30,2,6
185.146.1.9,7bb19ea1ae74,51,30,2,6
185.146.1.9,06d1b2ad9657,51,30,2,6
185.146.1.9,50e63b15047e,51,30,2,6
185.146.1.9,482f0887a826,51,30,2,6
185.146.1.9,bf27fb1789e4,51,30,2,6
185.146.1.9,09a86704bf3b,51,30,2,6
185.17.229.65,2a272dcbee7f,53,30,1,4
185.17.229.65,b312837379f9,53,30,1,4
185.183.243.51,4785638c534a,59,30,1,1
185.183.243.51,5c40ae6cd66d,59,30,1,1
185.183.243.51,77710bef2191,59,30,1,1
185.183.243.51,f55386441ab7,59,30,1,1
185.183.243.51,4741ac8415ca,59,30,1,1
185.22.67.50,18d6a8cb875d,53,28,3,4
185.22.67.50,b0f777434546,53,28,3,4
185.22.67.50,2792870f0a94,53,28,3,4
185.22.67.50,0d6a02d2a01c,53,28,3,4
185.239.69.239,a1aa1b90da1c,56,30,3,1
185.239.69.239,209ca69a0183,56,30,3,1
185.239.69.239,55c78248b56d,56,30,3,1
185.239.69.239,7f1612be7fba,56,30,3,1
185.239.69.239,f16bb76f246f,56,30,3,1
185.239.69.239,75970f09c115,56,30,3,1
185.239.69.239,7e50c657bd2f,56,30,3,1
185.239.69.239,d516d6253dd7,56,30,3,1
185.29.121.236,2b2007fc012f,56,29,3,2
185.29.121.236,ed1a735bdaa9,56,29,3,2
185.29.121.8,2dabdf78557e,54,32,2,3
185.29.121.8,da3c8b0c3ed5,54,32,2,3
185.29.121.8,dbcbd7057bd4,54,32,2,3
185.29.121.8,cc976dc254b2,54,32,2,3
185.47.172.95,7831de3ebae2,54,30,2,2
185.47.172.95,4e00209280fe,54,30,2,2
185.47.172.95,59b9923040dd,54,30,2,2
185.47.172.95,c372ed9ced0b,54,30,2,2
185.81.31.39,b9c4df848873,57,30,3,3
185.81.31.39,64c1b590a743,57,30,3,3
185.81.31.39,6d0d9bbaac93,57,30,3,3
185.81.31.39,278b21056f05,57,30,3,3
185.81.31.39,b8dc3aa3de40,57,30,3,3
185.81.31.39,8c5d2a7d4c04,57,30,3,3
185.81.31.39,4872e6af60fd,57,30,3,3
185.81.31.39,68f9905cada1,57,30,3,3
185.81.31.39,12f844521b1d,57,30,3,3
187.157.182.153,ee3e3469d548,59,30,2,1
187.170.229.254,eec84862b6c3,59,31,1,1
187.51.208.158,1985557fc41c,53,30,2,4
187.51.208.158,a5fcf3dc60fd,53,30,2,4
187.51.208.158,182e05862bb1,53,30,2,4
187.51.208.158,e3c851e2a81b,53,30,2,4
187.95.144.110,f5c29819d699,51,30,3,5
187.95.144.110,179dd1b01205,51,30,3,5
187.95.144.110,6b460eb1e187,51,30,3,5
187.95.144.110,c440579d86e1,51,30,3,5
187.95.144.110,5a5f4c231dd0,51,30,3,5
188.127.171.218,765d42ab947a,58,32,1,2
188.132.146.172,a50726583918,57,31,2,1
188.132.146.172,ac99ad3bb9e1,57,31,2,1
188.132.146.172,c9ac04698141,57,31,2,1
189.112.0.11,04eb141c1dcc,50,29,3,7
189.112.0.11,3e8b8ff8f064,50,29,3,7
189.178.68.152,d5ce117c7d71,62,27,3,1
189.178.68.152,506c74221cce,62,27,3,1
189.204.156.170,cabd41f42c32,53,30,2,4
189.204.156.170,1ee03498450d,53,30,2,4
189.204.156.170,d98ead4603c2,53,30,2,4
189.41.210.168,fadfb4654965,59,29,3,2
189.41.210.168,e3144740394b,59,29,3,2
189.8.108.39,fd65815419fd,52,29,2,5
189.8.108.39,067cb53da989,52,29,2,5
189.8.108.39,fc6078f7d296,52,29,2,5
189.8.108.39,e3df17c424f1,52,29,2,5
189.8.108.39,c0ca4d33c9fd,52,29,2,5
190.0.63.226,2fa525bbf9e9,51,31,1,6
190.0.63.226,3a858d9a6faf,51,31,1,6
190.0.63.226,db7a295a76ce,51,31,1,6
190.0.63.226,b995124f72ed,51,31,1,6
190.0.63.226,cf0f267e28f4,51,31,1,6
190.104.135.18,17b00857dfdf,54,30,2,4
190.104.135.18,843c443dd60d,54,30,2,4
190.104.135.18,93968914df49,54,30,2,4
190.104.135.18,d93124c6969a,54,30,2,4
190.104.135.18,81e71017525b,54,30,2,4
190.104.135.18,e290843936e8,54,30,2,4
190.104.135.18,c6e6697a8aab,54,30,2,4
190.104.135.18,05a9c6242154,54,30,2,4
190.104.135.18,faf814466acf,54,30,2,4
190.104.135.18,ea60992f219f,54,30,2,4
190.104.135.18,55f693d197b5,54,30,2,4
190.104.135.18,debcf6806793,54,30,2,4
190.104.135.18,e2667f13764f,54,30,2,4
190.181.15.3,26e99dbc34e8,55,30,4,1
190.181.15.3,4a787c06679f,55,30,4,1
190.181.15.3,88ceddea27a3,55,30,4,1
190.181.15.3,5c77fc758fd9,55,30,4,1
190.181.15.3,f082aca59962,55,30,4,1
190.181.15.3,ea1cf083c95b,55,30,4,1
190.181.63.196,ec7869a2781b,55,30,2,2
190.85.15.251,c7896403c152,47,29,1,10
190.85.15.251,aa193e3af54d,47,29,1,10
190.85.15.251,edb9780608d1,47,29,1,10
190.85.15.251,4841dd537414,47,29,1,10
190.85.15.251,df61098dd903,47,29,1,10
191.241.33.18,2340f000e296,56,30,2,2
191.242.105.131,f468b9bee194,52,30,2,4
191.242.105.131,a81ef67dab18,52,30,2,4
191.242.105.131,aabdafee47e6,52,30,2,4
191.242.105.131,49e19d80b146,52,30,2,4
191.242.105.131,7a6ab826163e,52,30,2,4
191.242.105.131,f467ea5f2512,52,30,2,4
191.242.105.131,617470789520,52,30,2,4
191.242.105.131,d3f0e34eb73a,52,30,2,4
191.242.105.131,9c45f7f301b0,52,30,2,4
192.166.123.50,070d17b7a8b7,52,30,3,5
192.166.123.50,5aef2272ce3f,52,30,3,5
192.166.123.50,cffc286aa751,52,30,3,5
192.166.123.50,5829c412f327,52,30,3,5
192.166.123.50,6683b11173ea,52,30,3,5
192.166.123.50,191e662592d6,52,30,3,5
192.166.123.50,f74da90129e6,52,30,3,5
192.169.201.6,c05db5c14477,50,29,3,6
192.169.201.6,88cfefb4b314,50,29,3,6
192.169.201.6,3db5a84a457c,50,29,3,6
192.169.201.6,4ada51fe0254,50,29,3,6
192.169.201.6,0996efb5561a,50,29,3,6
192.3.219.92,b979a7771e55,52,29,3,4
192.3.219.92,d1a1aac23a11,52,29,3,4
192.3.219.92,0b6824a01218,52,29,3,4
192.3.219.92,2c660797bf7b,52,29,3,4
193.151.128.152,2d73ae377115,57,30,2,1
193.151.128.152,042cf515755d,57,30,2,1
193.151.147.130,b9ab0d7fa04d,57,31,1,1
193.151.147.130,a546786bbe26,57,31,1,1
193.151.147.130,c02371ff7611,57,31,1,1
193.151.147.130,0a1d5598032a,57,31,1,1
193.151.147.130,8811deec1b42,57,31,1,1
193.227.182.203,ca1c95c006d2,56,31,1,2
193.227.182.203,ab3068fc15de,56,31,1,2
193.227.182.203,e7712dbba9cf,56,31,1,2
193.227.182.203,b343ebf174ab,56,31,1,2
193.227.182.203,115f06da491c,56,31,1,2
193.32.162.65,df92e041574d,56,29,0,5
193.32.162.94,55dfb2f3c526,60,32,0,2
193.32.162.94,b3aa3ea26a1c,60,32,0,2
193.32.162.94,36907ff1d95d,60,32,0,2
193.32.162.94,7a5916e9d0b2,60,32,0,2
193.32.162.94,b4bd49b7c4da,60,32,0,2
193.32.162.94,fd9fc85eee35,60,32,0,2
193.37.70.254,254bef298dcc,57,30,2,3
193.37.70.254,bb42945d84b8,57,30,2,3
193.37.70.254,f3775841c914,57,30,2,3
193.69.50.127,18ec628f317e,58,29,4,1
193.69.50.127,492e8e90c2c1,58,29,4,1
193.70.113.37,7ce2889a3904,54,31,3,3
193.70.113.37,2817ae15a198,54,31,3,3
194.152.206.17,ecf2f6282b2c,52,29,2,5
194.152.206.17,7991decdd069,52,29,2,5
194.152.206.17,9cb29ec94b17,52,29,2,5
194.152.206.17,e362ed9efefc,52,29,2,5
195.158.4.210,c184e5d4141a,53,29,2,4
195.158.4.210,f88306d0c4f5,53,29,2,4
196.198.16.2,ba2a8a4c9a1c,57,32,1,1
196.203.207.166,33b94f06bbba,57,30,2,1
196.203.207.166,1317b98bbf14,57,30,2,1
196.203.207.166,0449c09d42c4,57,30,2,1
196.203.207.166,20609af624ce,57,30,2,1
196.203.207.166,d0e115f1f6b1,57,30,2,1
196.203.207.166,cb1569c1e4e0,57,30,2,1
197.5.145.59,1ed3a94924b5,53,29,3,4
198.12.107.228,005e36f80b12,54,29,2,3
198.12.107.228,732af53d0269,54,29,2,3
198.12.107.228,b99ae641fb66,54,29,2,3
198.12.107.228,27eb331f2972,54,29,2,3
198.12.107.228,bcd66fa6dec6,54,29,2,3
198.12.107.228,a91db327b882,54,29,2,3
198.12.92.218,3df97da3a368,53,30,2,5
198.12.92.218,c4d999ea49cb,53,30,2,5
198.12.92.218,ee1bddfa0ced,53,30,2,5
198.50.206.213,bbf7c2114c92,57,30,2,2
2.189.175.19,920f735ace74,55,30,1,3
20.197.35.16,48350c52f86b,56,30,1,5
20.197.35.16,fdf9ed15102f,56,30,1,5
20.197.35.16,0bc50edd1dc4,56,30,1,5
20.197.35.16,c4424c04035f,56,30,1,5
20.197.35.16,75c1f76310f6,56,30,1,5
20.197.35.16,ac145a593769,56,30,1,5
20.197.35.16,d330a5c021b0,56,30,1,5
20.197.44.186,801cbda1bce3,57,29,2,4
20.197.44.186,723295dac55f,57,29,2,4
20.197.44.186,bc4c2b342212,57,29,2,4
20.197.44.186,10dad4bd2c91,57,29,2,4
20.197.44.186,c8dbd239d89f,57,29,2,4
20.2.144.203,7f53b2367120,56,28,2,7
20.2.144.203,6b8a5be89a17,56,28,2,7
20.2.144.203,ce1f98870b5f,56,28,2,7
20.2.144.203,e39583ff7a9b,56,28,2,7
20.204.98.63,7cf246901f03,57,29,3,3
20.204.98.63,fb6d5eb233a8,57,29,3,3
20.204.98.63,9f29c8e47218,57,29,3,3
20.204.98.63,cfae0effa5cb,57,29,3,3
20.204.98.63,6b07eb478735,57,29,3,3
20.204.98.63,a495db931acf,57,29,3,3
20.204.98.63,4c0f1d634c7f,57,29,3,3
20.204.98.63,6960593c7242,57,29,3,3
20.204.98.63,93984f2cf966,57,29,3,3
20.204.98.63,add5b0487bd5,57,29,3,3
20.244.178.58,b9b2e50c01ec,58,29,2,2
200.118.99.170,a9839d0592ff,52,29,3,5
200.118.99.170,54486a26c102,52,29,3,5
200.118.99.170,86f7ae7327d6,52,29,3,5
200.118.99.170,1429576e1c8d,52,29,3,5
200.196.50.91,56136b23b44b,54,28,2,5
200.196.50.91,fcf78dc7e6d9,54,28,2,5
201.16.147.253,1b8039adb7c8,53,31,1,5
201.16.147.253,eba391b56b70,53,31,1,5
201.16.147.253,3127d64d3cee,53,31,1,5
201.16.147.253,974e28252a33,53,31,1,5
201.16.147.253,993eb954f1b8,53,31,1,5
201.16.147.253,0326869f6a65,53,31,1,5
201.17.133.138,cb0687751992,51,28,1,7
201.17.133.138,5e8e1cfe1e34,51,28,1,7
201.6.100.191,e72c41955e59,55,31,1,4
201.6.100.191,cf31d6867455,55,31,1,4
201.6.100.191,03de1b78f9a1,55,31,1,4
201.6.100.191,b649aae1565b,55,31,1,4
201.6.100.191,d1f1b8fdef66,55,31,1,4
201.6.100.191,d36a3203f64a,55,31,1,4
201.6.100.191,28ec482ce186,55,31,1,4
202.157.184.3,ff6fba4f6751,53,30,2,4
202.157.184.3,dd53bab140e0,53,30,2,4
202.29.229.132,376801c597c8,56,29,2,3
202.51.214.99,75a79dcdb8bf,51,29,3,6
202.51.214.99,ddecb43ae9b0,51,29,3,6
202.51.214.99,960e0756d53a,51,29,3,6
203.106.164.74,12ec5aea13a0,51,30,2,6
203.106.164.74,ff496a439509,51,30,2,6
203.106.164.74,0049f41ad88f,51,30,2,6
203.106.164.74,99feac0464e1,51,30,2,6
203.106.164.74,82910cde0bd1,51,30,2,6
203.106.164.74,19d147058772,51,30,2,6
203.113.174.95,311d38037c4b,53,30,2,5
203.113.174.95,b64f03296f57,53,30,2,5
203.113.174.95,f346435d8530,53,30,2,5
203.113.174.95,3729a9591165,53,30,2,5
203.129.219.126,69121621e11a,58,31,1,2
203.195.83.144,4909d405b11b,57,28,1,7
203.195.83.144,2b57807de62a,57,28,1,7
203.195.83.144,f146b65df268,57,28,1,7
203.195.83.144,30c1c1cd25f0,57,28,1,7
203.195.83.144,5e3e69624a70,57,28,1,7
203.195.83.144,fd9b51c7a288,57,28,1,7
203.25.211.164,b6eb214b7f92,53,29,2,5
203.34.48.182,7f3f9e4596be,55,31,1,3
203.34.48.182,7ba91425f84c,55,31,1,3
203.34.48.182,7a7111a02631,55,31,1,3
203.34.48.182,b41ce34adfb2,55,31,1,3
203.34.48.182,fa5441b20398,55,31,1,3
203.34.48.182,8df89909a392,55,31,1,3
203.34.48.182,058e07957484,55,31,1,3
203.34.48.182,9af5d5db636e,55,31,1,3
206.189.116.110,7774d8850679,58,28,1,5
206.189.116.110,8153cae8320b,58,28,1,5
206.189.175.87,5c2be060feb9,54,30,1,5
206.189.175.87,c24da65d5779,54,30,1,5
206.189.175.87,20be27716605,54,30,1,5
206.189.34.173,146bde52aaf0,53,28,2,5
206.189.34.173,6ba763e8b667,53,28,2,5
206.189.34.173,52363ffff84c,53,28,2,5
206.189.59.169,1e169c420154,55,30,1,4
206.189.59.169,aff434297dcc,55,30,1,4
206.189.59.169,af9667eec570,55,30,1,4
206.189.59.169,13616e060c46,55,30,1,4
206.189.61.144,3541383f268a,58,30,2,1
206.189.61.144,de0e25f2aa29,58,30,2,1
206.189.61.144,cc5a3bd3c5d8,58,30,2,1
206.189.61.144,970207db21fd,58,30,2,1
206.189.61.144,76131692d6e5,58,30,2,1
206.189.61.144,79fee5702987,58,30,2,1
206.189.61.144,d6467a3d0a15,58,30,2,1
207.154.202.29,279365d2cb2f,57,31,2,1
207.154.242.187,a5a0b906783c,56,30,0,7
207.154.252.127,bf4e83ebf563,57,31,1,1
207.154.252.127,445c52a44ade,57,31,1,1
207.154.252.127,38598ec46703,57,31,1,1
207.154.252.127,8329023c4f58,57,31,1,1
207.154.252.127,da01844b34a1,57,31,1,1
207.154.252.127,365836094532,57,31,1,1
207.154.252.127,c0f7dc399046,57,31,1,1
209.38.101.185,c1ad2e5855c1,54,30,3,4
209.38.101.185,66ebf969aafb,54,30,3,4
209.38.216.114,564fe1d3252f,58,30,2,1
209.38.216.114,6c210996d16f,58,30,2,1
209.38.216.114,ae972733f046,58,30,2,1
209.38.216.114,d988a1a3579b,58,30,2,1
209.38.216.114,1404bde8bcc0,58,30,2,1
209.38.216.114,ddd4888e771a,58,30,2,1
209.38.216.114,81e4af4116ad,58,30,2,1
210.57.36.119,471d7fda2efc,52,29,4,6
210.57.36.119,fb734a160d10,52,29,4,6
210.57.36.119,a6cd8556cc4c,52,29,4,6
210.57.36.119,18ed23441f57,52,29,4,6
210.57.36.119,bde87178a9a3,52,29,4,6
210.57.36.119,247dd2a445a0,52,29,4,6
211.21.23.97,46465c423cc9,56,31,1,2
211.21.23.97,faa518207f1d,56,31,1,2
211.21.23.97,a3a7b52c893b,56,31,1,2
211.21.23.97,e70686b6f5a8,56,31,1,2
211.253.37.225,c8985aaafe77,55,29,2,4
211.62.68.204,22a279467cf7,57,31,1,1
212.33.198.185,e4d75b46bf23,53,30,1,4
212.33.198.185,0afd3f44d37f,53,30,1,4
212.33.198.185,c4875782c91a,53,30,1,4
212.33.198.185,f65c8ad77c51,53,30,1,4
212.33.198.185,bcb9b9eb1fd5,53,30,1,4
212.33.198.185,a22a8ca8bb30,53,30,1,4
212.33.198.185,5bbdf94ad15a,53,30,1,4
212.33.198.185,d0f5831110ed,53,30,1,4
217.114.43.10,764252e07069,53,30,2,5
217.114.43.10,860f02cd173f,53,30,2,5
217.114.43.10,6a6428e24769,53,30,2,5
217.114.43.10,7ab3103c46d7,53,30,2,5
217.114.43.10,08dbc5a7d235,53,30,2,5
217.114.43.10,4581842a1c48,53,30,2,5
217.114.43.10,dc6c6b2b21ef,53,30,2,5
217.114.43.10,097823045717,53,30,2,5
217.114.43.10,0d65f5cd9e07,53,30,2,5
217.114.43.10,704d88672c56,53,30,2,5
217.114.43.10,95034fecd88c,53,30,2,5
217.114.43.10,4a091ebc7008,53,30,2,5
217.114.43.10,dcb953676465,53,30,2,5
217.114.43.10,3277bf026f1f,53,30,2,5
217.114.43.10,a52a75ac5745,53,30,2,5
217.197.107.182,0b5c45a92509,56,31,1,2
217.197.107.182,9dd95e81145e,56,31,1,2
217.197.107.182,4d7baba30447,56,31,1,2
217.197.107.182,35dd3035bbc8,56,31,1,2
217.197.107.182,b25785b3208c,56,31,1,2
217.197.107.182,09e3ccf89c0c,56,31,1,2
217.234.133.189,aa598947f80b,61,31,0,0
217.234.133.189,3b7887e3ab0c,61,31,0,0
218.3.11.187,5dba3f956167,60,28,3,2
218.60.0.210,e6f69d49c138,55,29,3,4
218.60.0.210,3af965386899,55,29,3,4
218.60.0.210,cad730369432,55,29,3,4
218.60.0.210,01e95fb231bf,55,29,3,4
218.60.0.210,5824094d649b,55,29,3,4
218.60.0.210,7d58b295b821,55,29,3,4
218.60.0.210,5485f5657ccf,55,29,3,4
218.60.0.210,c59480a85526,55,29,3,4
218.60.0.210,209b624b1740,55,29,3,4
218.60.0.210,4c1141450712,55,29,3,4
218.60.0.210,cce9b9390924,55,29,3,4
218.60.0.210,6fc4f40314da,55,29,3,4
218.78.49.42,dba1fa96b15f,55,31,1,3
219.144.65.41,9cdf00b88708,57,28,4,2
219.144.65.41,d4f0d2e04f0f,57,28,4,2
219.92.122.1,c9e585dd90d3,59,32,2,0
219.92.122.1,4edef883cefc,59,32,2,0
219.92.122.1,dfc006d983d8,59,32,2,0
220.130.247.75,06448d37fa13,58,28,3,4
220.130.247.75,c2f749854f45,58,28,3,4
220.130.247.75,6e75296ac6e1,58,28,3,4
220.130.247.75,c19405c7b127,58,28,3,4
220.130.247.75,516953da4252,58,28,3,4
220.130.247.75,f1642cd449bd,58,28,3,4
220.130.247.75,fc3e102d3969,58,28,3,4
220.130.247.75,2bdbec75c48b,58,28,3,4
220.130.247.75,28ee1a555861,58,28,3,4
220.130.247.75,ce512a70ba51,58,28,3,4
221.156.126.1,92cc3d73fa5d,52,30,4,5
221.156.126.1,d80c5203426a,52,30,4,5
221.156.126.1,bc71486f317a,52,30,4,5
221.156.126.1,0427969c35b4,52,30,4,5
221.156.126.1,49f5ebaf2847,52,30,4,5
221.156.126.1,871ade84abf0,52,30,4,5
221.156.126.1,c542696d555e,52,30,4,5
221.156.126.1,01cf84122e62,52,30,4,5
221.159.36.39,55e0ffac0f85,53,29,4,4
221.226.183.94,e83fa92e0fc8,56,30,2,2
221.226.183.94,0974d2693435,56,30,2,2
221.226.183.94,f61eeb7bcdcc,56,30,2,2
221.226.183.94,036ec0c6c2de,56,30,2,2
221.226.183.94,f216a38823e9,56,30,2,2
221.226.183.94,7b71a1dde56c,56,30,2,2
222.108.100.117,3e36a73a8f80,52,29,4,4
222.108.100.117,4a24e7126422,52,29,4,4
223.100.87.28,a5a47c1f5445,55,28,3,4
223.132.169.15,87bbdbf1dcf3,56,29,1,7
223.159.82.10,183873fae70e,54,29,3,5
223.17.0.181,3f182cfeee97,53,29,2,4
223.17.0.181,0cef4e07d604,53,29,2,4
223.17.0.181,b326e2c58aad,53,29,2,4
223.17.0.181,501bd03ca004,53,29,2,4
223.17.0.181,4755a6cb8121,53,29,2,4
223.17.0.181,a5a066fcf9f4,53,29,2,4
223.171.44.191,f01672e3045f,55,29,1,8
223.171.44.191,78edd2756919,55,29,1,8
223.197.125.110,68218cdedc9a,53,30,2,4
223.197.125.110,3b651df3c822,53,30,2,4
223.197.125.110,c7a5e2ea43bd,53,30,2,4
23.158.56.21,d290b312b841,58,31,2,1
23.30.71.49,0f4ddf05ad1b,55,30,2,3
23.30.71.49,d452fe3a8150,55,30,2,3
23.30.71.49,4c02f31eb2ab,55,30,2,3
23.94.83.12,7f14c58a0e41,57,29,2,2
23.94.83.12,7a2f3912923f,57,29,2,2
23.94.83.12,18ec77048799,57,29,2,2
23.94.83.12,b7f48eb1f92f,57,29,2,2
23.94.83.12,6c4d5a6e499f,57,29,2,2
23.95.216.57,b668312eb35d,58,30,2,2
23.95.216.57,df2372d64728,58,30,2,2
23.95.216.57,7d2355040171,58,30,2,2
23.95.216.57,630be51191fd,58,30,2,2
23.95.216.57,feb733a032c4,58,30,2,2
23.95.216.57,7dbe125efe6c,58,30,2,2
23.95.216.57,d0c02cbeaadc,58,30,2,2
27.112.79.151,60ea221684ea,59,31,2,1
27.112.79.151,5a83a73ca3f3,59,31,2,1
27.150.28.19,6f6110555bf6,57,31,1,1
27.150.28.19,463ed595baa7,57,31,1,1
31.220.92.159,2bc5064f56e5,56,32,2,1
31.220.92.159,bced9d27a46d,56,32,2,1
31.220.92.159,66c43f84e9e8,56,32,2,1
31.220.92.159,3d65eaea2fb1,56,32,2,1
34.101.245.3,481ac12554d5,56,29,2,5
34.101.245.3,aebb920d4ab9,56,29,2,5
34.101.245.3,74d45ad1cfb6,56,29,2,5
34.101.245.3,d99295abc9ea,56,29,2,5
34.101.245.3,098b78f52be4,56,29,2,5
34.101.245.3,e986bd8e6977,56,29,2,5
34.101.245.3,6ebac1ea22c7,56,29,2,5
34.126.125.175,59fe00ab00eb,60,30,3,0
34.126.80.8,ec196f8f0a32,59,31,1,2
34.126.80.8,aef96adde2ee,59,31,1,2
34.126.80.8,bc2619bc9cff,59,31,1,2
34.126.80.8,6c97a267151d,59,31,1,2
34.68.110.88,fdb2cb1705cb,58,29,4,2
34.84.82.194,fa012ebf4f48,54,30,2,4
34.84.82.194,1a731b000e44,54,30,2,4
34.91.0.68,d9e3bbac9dc3,55,30,2,6
34.91.0.68,1f2d5659abed,55,30,2,6
34.91.0.68,5619822e4aeb,55,30,2,6
34.92.11.27,b953f3fd3b8a,55,30,2,5
34.92.11.27,2e30e05b76dd,55,30,2,5
34.92.11.27,b2af0cce9b27,55,30,2,5
34.92.11.27,3afa88bb7154,55,30,2,5
34.92.176.182,a2b4e4da5791,53,28,3,6
34.92.176.182,7c5713a2b3b2,53,28,3,6
34.92.176.182,08d6220d9f39,53,28,3,6
34.92.176.182,568f05567178,53,28,3,6
34.92.176.182,50fd32ae9280,53,28,3,6
34.92.198.176,5d8665c5688e,53,28,3,6
34.92.198.176,433d11c63336,53,28,3,6
34.92.198.176,1cb784580b37,53,28,3,6
34.92.198.176,0b90a98a9de4,53,28,3,6
34.92.198.176,310ac6dab2c4,53,28,3,6
34.92.198.176,c5bf5d33b8a3,53,28,3,6
35.193.137.88,a2ab9d438c1f,59,31,3,0
35.193.137.88,8834c4cb100b,59,31,3,0
35.193.137.88,414358cd1aa4,59,31,3,0
35.193.137.88,678841e6c398,59,31,3,0
35.193.137.88,dd2c45874196,59,31,3,0
35.200.237.19,7c32f202e3cb,50,30,2,7
35.221.201.211,0013f8ab3fa6,57,31,0,4
35.222.117.243,c711e242f69a,52,30,2,6
35.222.117.243,10faca801e20,52,30,2,6
35.222.117.243,468afa9cb973,52,30,2,6
35.222.117.243,bf007cc48ee6,52,30,2,6
35.222.117.243,4e94af8b60a7,52,30,2,6
36.212.201.36,73ce14ddd1a9,54,30,2,4
36.212.201.36,88324c015cd5,54,30,2,4
36.212.201.36,65749699f0ce,54,30,2,4
36.212.201.36,f3e28dd07437,54,30,2,4
36.212.201.36,f22a4a08ba2e,54,30,2,4
36.212.201.36,6d19da73482d,54,30,2,4
36.212.201.36,64b3fcbc496d,54,30,2,4
36.213.19.104,28e983a29840,57,31,2,3
36.40.79.74,0ab564581ad9,54,34,1,3
36.40.79.74,1b3cf547d263,54,34,1,3
36.40.84.110,e1ec79f97d94,55,30,1,3
36.40.84.110,bec2fb655c0d,55,30,1,3
36.40.88.138,c486832dbedf,58,29,3,2
36.41.188.223,1eb876a27a3c,58,32,2,1
36.41.188.223,cb8af3ad05de,58,32,2,1
36.41.188.223,f90669c907c2,58,32,2,1
36.41.188.223,399619a64b10,58,32,2,1
36.41.188.223,b230123773e0,58,32,2,1
36.91.38.31,b1e3e20cc6e0,53,29,2,3
36.91.38.31,2d84aa954396,53,29,2,3
36.91.38.31,6ded6937042d,53,29,2,3
36.91.38.31,c3abd77fab97,53,29,2,3
36.93.144.66,33a7bc1eb7bf,55,31,1,3
36.93.144.66,afaca0c6616c,55,31,1,3
36.93.144.66,97e158971379,55,31,1,3
36.93.144.66,d85efa8120e3,55,31,1,3
36.93.144.66,91f2fd5745c4,55,31,1,3
36.93.144.66,2bdf22b0ae39,55,31,1,3
36.93.144.66,8098eeb614eb,55,31,1,3
36.93.179.14,c72d83545406,56,31,2,1
36.93.179.14,cd30d33d773e,56,31,2,1
36.94.95.210,2ada0a698fea,57,30,2,1
36.94.95.210,e3c3da8b1863,57,30,2,1
37.174.50.55,03ec77580015,61,32,0,0
37.174.50.55,e18f9a396f0f,61,32,0,0
37.187.195.139,9355a9fa24c1,58,30,1,1
37.187.195.139,10bd840e3ba2,58,30,1,1
37.187.195.139,418976b6353a,58,30,1,1
37.195.130.233,5d3e30c5124e,61,32,0,0
39.109.112.75,980d6a30be87,56,31,2,2
41.196.0.14,9fe2c12166e7,55,26,3,7
41.196.0.14,b7c10f9236ec,55,26,3,7
41.196.0.14,7862dd8ebc27,55,26,3,7
41.216.181.162,438efbf68239,55,31,2,3
41.216.181.162,c64a6361c414,55,31,2,3
41.216.181.162,e8ea5503433b,55,31,2,3
41.216.181.162,ad8242d024f4,55,31,2,3
41.216.181.162,cad0e6749d21,55,31,2,3
41.59.86.232,402d6d70c6a9,53,28,3,5
41.59.86.232,d12ee3648c05,53,28,3,5
41.59.86.232,758cf51765ed,53,28,3,5
41.59.86.232,623268fc2e04,53,28,3,5
41.59.86.232,4f0928bb7ef6,53,28,3,5
41.59.86.232,01de0d81845a,53,28,3,5
41.59.86.232,3ab6b2e6e1a6,53,28,3,5
41.59.86.232,3a7882741182,53,28,3,5
42.193.97.13,93d057525122,55,31,3,2
42.200.66.164,6fd6bab3c9db,53,30,2,4
42.200.66.164,2349c5ff89dd,53,30,2,4
42.200.66.164,4a9cfe86fd6f,53,30,2,4
42.200.66.164,6805c028c709,53,30,2,4
42.200.66.164,3d982d1f2d03,53,30,2,4
42.51.45.234,b34cb3591a31,57,31,1,3
42.51.45.234,d8fc155d27ce,57,31,1,3
42.51.45.234,acfd2251adff,57,31,1,3
42.51.45.234,a374f6f019d0,57,31,1,3
42.51.45.234,a9af4428d0cb,57,31,1,3
42.51.45.234,a451f54656ad,57,31,1,3
42.96.45.86,ee7b45243355,56,31,1,2
42.96.45.86,0d6e3614a0d3,56,31,1,2
42.96.45.86,a95183a8e9a6,56,31,1,2
42.96.45.86,179b87baaffe,56,31,1,2
42.96.45.86,7bf7d743adee,56,31,1,2
42.96.45.86,47ad30dca968,56,31,1,2
42.96.45.86,87b155613a4d,56,31,1,2
42.96.45.86,6604b48e4cd4,56,31,1,2
43.128.111.199,9e11af19ba43,57,32,1,1
43.128.111.199,7db4c177cdf6,57,32,1,1
43.128.111.199,cb4ee5559563,57,32,1,1
43.128.111.199,bb8c6c59322b,57,32,1,1
43.128.111.199,7f22a79ae61a,57,32,1,1
43.128.111.199,94d733d4dc49,57,32,1,1
43.128.142.238,5a204d7634fa,58,31,2,1
43.128.142.238,d35b50bc9a35,58,31,2,1
43.128.142.238,d18a673a962c,58,31,2,1
43.128.142.238,835bf60966d5,58,31,2,1
43.128.142.238,f019df97b9ff,58,31,2,1
43.128.142.238,accca2caa3aa,58,31,2,1
43.128.142.238,73ee5d69f752,58,31,2,1
43.134.3.202,b5e541ff6759,56,30,2,2
43.134.3.202,faa96ae14b98,56,30,2,2
43.134.3.202,49842280d8fe,56,30,2,2
43.134.3.202,df3c0d951be2,56,30,2,2
43.134.3.202,0fe5b31d22db,56,30,2,2
43.134.3.202,05bcf09dabec,56,30,2,2
43.135.132.212,41ac4cd926f3,56,30,1,3
43.135.132.212,114599aa1e3a,56,30,1,3
43.135.132.212,bf5aa2c9d8c1,56,30,1,3
43.153.192.182,5c15279ce64f,57,30,2,1
43.153.192.182,6a6c52b61fb3,57,30,2,1
43.153.192.182,9e7bcb436aa9,57,30,2,1
43.153.192.182,38b82d5fb522,57,30,2,1
43.153.192.182,a51c568f73c7,57,30,2,1
43.153.192.182,7091bc744ebe,57,30,2,1
43.153.210.18,d7fa5437baed,55,31,2,3
43.153.210.18,47c9218d142b,55,31,2,3
43.153.210.18,51507f2fe6fd,55,31,2,3
43.153.210.18,8aba2bcf005d,55,31,2,3
43.155.168.85,b38a821830dc,55,32,2,2
43.155.168.85,a95b3fbf7f6f,55,32,2,2
43.155.168.85,34b805153094,55,32,2,2
43.155.168.85,f19ed64cb934,55,32,2,2
43.155.168.85,a4380ece27bc,55,32,2,2
43.155.168.85,5bdd787041cd,55,32,2,2
43.155.168.85,61ef19006fdf,55,32,2,2
43.155.168.85,a4a11fdd0472,55,32,2,2
43.155.168.85,08a561b18bf4,55,32,2,2
43.155.168.85,d852519c6e64,55,32,2,2
43.156.200.169,6e7636a6bfcd,56,31,2,2
43.156.200.169,b1ff4f905001,56,31,2,2
43.156.249.218,1134fa905db9,56,30,3,2
43.156.249.218,441c85db975a,56,30,3,2
43.159.138.242,a69934671e73,57,31,3,2
43.159.138.242,f79e370ea63f,57,31,3,2
43.159.138.242,7aa43d524dd4,57,31,3,2
43.159.138.242,75220e7d0097,57,31,3,2
43.159.194.101,a66a269ad107,57,31,2,1
43.159.194.101,a25c7f6ff508,57,31,2,1
43.159.194.101,1281ce9544b5,57,31,2,1
43.159.194.101,934fb6ae1e81,57,31,2,1
43.159.194.101,2f3b03a20eee,57,31,2,1
43.159.194.101,de175531668d,57,31,2,1
43.159.59.118,c9f15fa4cb80,56,31,2,2
43.159.59.118,9d00591d77f5,56,31,2,2
43.159.59.118,32bbca5ee1bc,56,31,2,2
43.159.59.118,b1fcc4f4cbe9,56,31,2,2
43.159.59.118,d0f458afcb2d,56,31,2,2
43.159.59.118,9cfffb86fe55,56,31,2,2
44.222.63.220,3687b5ee4a37,59,33,0,0
45.117.177.189,6f3aa70267e6,59,28,4,1
45.117.177.189,502f8625752d,59,28,4,1
45.117.177.189,f08e4028091c,59,28,4,1
45.117.177.189,7939469d99bb,59,28,4,1
45.117.177.189,77b3d0ce8c11,59,28,4,1
45.117.177.189,2b6aef43cf0b,59,28,4,1
45.117.177.189,2a25e52c625f,59,28,4,1
45.117.177.189,4e12c41fd055,59,28,4,1
45.117.177.189,b238609235af,59,28,4,1
45.121.147.47,18585e253dc4,51,29,2,6
45.121.147.47,ee2ee76937fe,51,29,2,6
45.121.147.47,8d193d75830e,51,29,2,6
45.172.54.235,44e2f4b978c8,55,30,2,4
45.172.54.235,246041ffc730,55,30,2,4
45.172.54.235,7de75aef1b38,55,30,2,4
45.192.176.21,46347a4584f7,53,30,2,4
45.192.176.21,53436b910a51,53,30,2,4
45.195.198.124,273b874fa547,57,30,1,2
45.195.198.15,be59e6327e14,55,31,1,4
45.195.198.15,0f0bac17f921,55,31,1,4
45.195.198.15,4b8d15b7e1c6,55,31,1,4
45.195.198.15,e2362b740bf7,55,31,1,4
45.195.198.15,4d9541638333,55,31,1,4
45.233.58.140,13107ce49864,54,30,1,5
45.233.58.140,5d00c0c98c44,54,30,1,5
45.233.58.140,24b9dbc8f5fe,54,30,1,5
45.233.58.140,9ad1810e5dad,54,30,1,5
45.233.58.140,720134bbf38d,54,30,1,5
45.233.58.140,32c8696bd0ff,54,30,1,5
45.233.58.140,88d5c8475c60,54,30,1,5
45.236.103.36,1dc0da20f1f4,53,30,2,4
45.236.103.36,7dc70f327ad3,53,30,2,4
45.236.103.36,f0e9c8ce5e21,53,30,2,4
45.236.103.36,06f0d9b9b58b,53,30,2,4
45.236.103.36,194ac26dc185,53,30,2,4
45.236.103.36,74cdbf961fc4,53,30,2,4
45.236.103.36,887e50f75ec6,53,30,2,4
45.236.103.36,4e2cd73335af,53,30,2,4
45.5.159.36,7d82a309f109,51,30,2,6
45.5.159.36,9cf215c28cb8,51,30,2,6
45.5.159.36,83d2a6518e54,51,30,2,6
45.5.159.36,bf36a8fbd501,51,30,2,6
45.5.159.36,b9825826d3ed,51,30,2,6
45.5.159.36,8a37699f48fb,51,30,2,6
45.55.68.205,e38cf2ff651e,53,30,2,4
45.55.68.205,08ba9e76de30,53,30,2,4
45.55.68.205,f11200ffaeb7,53,30,2,4
45.55.68.205,6b432da8e056,53,30,2,4
45.55.68.205,bdfd438264f3,53,30,2,4
45.61.187.220,bb555504d8e5,52,30,2,5
45.61.187.220,8469441b06e0,52,30,2,5
45.61.187.220,2962b10d1f0d,52,30,2,5
45.61.187.220,a4e39e48d805,52,30,2,5
46.245.74.77,0eea70309d6b,59,29,2,3
46.245.74.77,95ddeedded14,59,29,2,3
46.245.74.77,94990b326bd8,59,29,2,3
46.245.74.77,59b0178c3df2,59,29,2,3
46.28.24.69,d1f84f21b6b0,54,30,3,3
46.39.239.29,4c4cf862e6e4,57,31,1,2
47.236.80.241,372d47611a70,55,30,1,3
47.236.80.241,005a25dfb56b,55,30,1,3
47.236.80.241,9342cc8432de,55,30,1,3
47.236.80.241,38f789036659,55,30,1,3
47.236.80.241,ec48054ffc44,55,30,1,3
47.242.28.249,5b895d83fe52,52,27,4,5
47.254.195.119,71555a6cad82,53,32,1,5
47.254.195.119,e5703859752e,53,32,1,5
47.254.195.119,4450c3bfd911,53,32,1,5
47.84.72.87,c91dd2f80ef7,61,32,0,0
47.84.72.87,9ab656fe2698,61,32,0,0
47.84.72.87,e5a5968108d2,61,32,0,0
47.98.117.36,c2ba3fb8f27c,60,33,1,0
49.204.74.149,5cb0c5d2cc17,54,29,2,3
49.204.74.149,77155a579e1a,54,29,2,3
49.204.74.149,d561f9ea6a05,54,29,2,3
49.234.32.136,5ab9ac23b2fd,52,30,2,6
49.234.32.136,939eedcc7e89,52,30,2,6
49.234.32.136,561f37d30eb9,52,30,2,6
49.234.32.136,0390b3acc1de,52,30,2,6
49.234.32.136,393eaf46fef6,52,30,2,6
49.234.32.136,0646cf9dbec3,52,30,2,6
49.234.32.136,5def4fc4e0e8,52,30,2,6
49.234.32.136,7353105134e3,52,30,2,6
49.249.83.115,4b5aedd4b3fe,56,30,2,2
49.249.83.115,e074029f499c,56,30,2,2
49.249.83.115,a2c50c9d4b5f,56,30,2,2
49.49.251.233,62ede169ea5f,58,33,1,1
49.49.251.233,61527891936e,58,33,1,1
49.49.251.233,00b4e5601dbe,58,33,1,1
49.49.251.233,1c48ee2740f5,58,33,1,1
49.49.251.233,65d66817adb6,58,33,1,1
49.49.251.233,ac7737d74384,58,33,1,1
49.64.169.153,5173fa3e15bc,51,29,3,5
5.135.36.99,6c2434a52a97,53,31,0,4
5.135.36.99,0aa9da9be231,53,31,0,4
5.135.36.99,1bbfaa5ec650,53,31,0,4
5.135.36.99,0f451477ebfe,53,31,0,4
5.135.90.165,a689e940d505,54,31,1,4
5.135.90.165,134ee23eb639,54,31,1,4
5.182.211.148,67acd6757544,55,28,0,6
5.250.188.211,e6d02025d140,54,30,2,4
5.250.188.211,1c09f89b646f,54,30,2,4
5.250.188.211,5bd15df16f08,54,30,2,4
5.250.188.211,f533d15b6fab,54,30,2,4
5.250.188.211,800fbe897d67,54,30,2,4
5.250.188.211,410cda37fbba,54,30,2,4
5.250.188.211,474f51fc2420,54,30,2,4
5.250.188.211,564642a60bfb,54,30,2,4
5.250.188.211,88c5cdb2e05e,54,30,2,4
5.255.112.142,e60e7ebaab90,58,28,2,5
5.42.82.188,7166dcc519db,55,29,4,2
5.42.82.188,0e8272489bfb,55,29,4,2
50.148.129.170,f10e351d5ab2,57,31,0,2
50.242.122.30,a6fec3c58902,57,29,4,3
50.242.122.30,300d68c9770b,57,29,4,3
51.15.56.154,ce781ec306ba,53,30,2,5
51.15.56.154,2208945ee6b5,53,30,2,5
51.15.56.154,6cbd6d5f00ff,53,30,2,5
51.15.56.154,08de3b083c51,53,30,2,5
51.15.56.154,1c25fed291ab,53,30,2,5
51.15.56.154,a969c27d5d6d,53,30,2,5
51.158.254.87,4340cb75c668,58,32,1,2
51.161.153.48,09a74cb5c0d4,51,30,1,6
51.195.41.109,81bd64b1e5b3,58,32,2,1
51.77.194.128,72b9e4e6e955,58,30,1,1
51.77.194.128,0b87786675da,58,30,1,1
51.77.194.128,9d2c53863f28,58,30,1,1
51.79.158.54,5db0e236e855,58,30,1,4
51.79.158.54,8de1630dec39,58,30,1,4
51.83.72.156,949a947ac0d0,52,30,2,5
51.83.72.156,596d36172573,52,30,2,5
51.83.72.156,2f2ad72c6ce3,52,30,2,5
51.83.72.156,fa40819a890d,52,30,2,5
51.83.72.156,dc0325d5ce66,52,30,2,5
51.83.72.156,a4cf16253fc9,52,30,2,5
51.83.72.156,ef5a26c964c2,52,30,2,5
51.83.79.55,14fd08035b21,55,31,1,4
51.83.79.55,e86cf0a0ce87,55,31,1,4
51.89.166.236,16184fe300ab,53,30,2,5
51.91.249.38,c3913b4ee818,56,31,1,3
51.91.249.38,60eb72e8d153,56,31,1,3
51.91.249.38,f4f713931ec9,56,31,1,3
51.91.249.38,9e3a5332ae36,56,31,1,3
51.91.249.38,d4644f960ed9,56,31,1,3
51.91.249.38,f1123b922b39,56,31,1,3
51.91.249.38,26a9bc93786d,56,31,1,3
51.91.249.38,b9d5aa1db84b,56,31,1,3
51.91.249.38,be0ff7fc4286,56,31,1,3
52.161.123.84,263d0caf7255,60,29,2,2
52.161.123.84,e2dcfb88828c,60,29,2,2
52.161.123.84,8230fe4a0619,60,29,2,2
52.161.123.84,f7771700c2a7,60,29,2,2
52.161.145.142,785e23cd8171,60,32,0,0
52.161.145.143,936ca8e71c9c,59,30,3,1
52.161.145.143,bea638f412ba,59,30,3,1
52.161.145.143,3ea050a6e4c8,59,30,3,1
52.161.145.143,993583860283,59,30,3,1
52.161.145.143,a01e16787489,59,30,3,1
52.161.145.143,9167f8b54727,59,30,3,1
52.161.157.17,f2167012736a,61,28,3,1
52.161.157.17,a340bae1466a,61,28,3,1
52.161.157.17,40d2176faff6,61,28,3,1
52.161.157.17,ea6cb4bddc5d,61,28,3,1
52.161.157.17,c71a007cb8c4,61,28,3,1
52.161.157.17,71f42ed3efae,61,28,3,1
52.161.164.116,c1e305fb8b5b,56,28,2,7
52.161.164.116,20d1d77093ee,56,28,2,7
52.161.164.116,e454dbee88ee,56,28,2,7
52.161.164.116,dc3f258064c5,56,28,2,7
52.187.9.8,b326768ebde4,53,30,1,6
52.247.71.137,94bc44890a75,62,30,1,1
52.247.71.137,7234c9a11dfc,62,30,1,1
54.37.10.124,f68e68237cd5,51,29,2,6
54.37.10.124,acd9a3d2c6c5,51,29,2,6
54.37.10.124,07a01c043ec2,51,29,2,6
54.37.10.124,78450135b1e7,51,29,2,6
54.37.10.124,33d6b04fdb23,51,29,2,6
54.37.10.124,2d07de6b708c,51,29,2,6
54.37.10.124,7327aa928772,51,29,2,6
54.37.10.124,5b851e5b9b83,51,29,2,6
54.37.10.124,5ea6ad255ed3,51,29,2,6
54.37.10.124,6c1b4b28b793,51,29,2,6
57.128.172.114,b36c12a9b8c8,57,31,1,1
57.128.172.114,4ad903f48d8e,57,31,1,1
57.128.172.114,c4fd21eaadbc,57,31,1,1
58.153.167.74,470157270ad9,56,28,2,6
58.153.167.74,e25bc0a177ed,56,28,2,6
58.153.167.74,1977480c9b24,56,28,2,6
58.153.167.74,275ef5374b9d,56,28,2,6
58.186.188.218,a1d9c9a5f718,55,31,1,3
58.186.188.218,69be7825bc17,55,31,1,3
58.186.188.218,bc2d30272bf6,55,31,1,3
58.186.188.218,d3d316c6c261,55,31,1,3
58.186.188.218,7fcdd417b390,55,31,1,3
58.186.188.218,8678aa6b6de2,55,31,1,3
58.186.188.218,5de776178218,55,31,1,3
58.186.188.218,481dadcea885,55,31,1,3
58.33.190.98,ec4efc439676,55,31,2,3
58.33.190.98,f4189d58a0a2,55,31,2,3
58.33.190.98,ea51e0ac69d9,55,31,2,3
59.106.210.116,a2635fb1cc0c,58,30,3,1
59.106.210.116,017c961574ef,58,30,3,1
61.171.46.131,dda781bdd5d6,56,30,2,3
61.171.46.131,57f0846d4851,56,30,2,3
61.171.46.131,49f139c249af,56,30,2,3
61.171.46.131,d1b51c0ef68e,56,30,2,3
61.171.46.131,09ab99bc487f,56,30,2,3
61.171.46.131,7d1ba5a27dd5,56,30,2,3
61.171.46.131,d99f4e1747d6,56,30,2,3
61.171.46.131,3f4cef515900,56,30,2,3
61.171.48.28,66c8c44e9323,51,31,2,6
61.171.48.28,68e58e890686,51,31,2,6
61.171.48.28,e489cea702fa,51,31,2,6
61.171.48.28,a92fcd9a2b8c,51,31,2,6
61.171.48.28,472144683bd4,51,31,2,6
61.84.35.21,76efa38fd0f6,54,29,2,5
61.93.186.125,694dca660279,55,30,2,3
61.93.186.125,31854a5eccf8,55,30,2,3
61.93.186.125,d20000b34b86,55,30,2,3
61.93.186.125,768618dae7c4,55,30,2,3
62.60.138.247,abcf35d3c489,57,29,3,2
62.60.138.247,febc99fdb050,57,29,3,2
62.60.138.247,05c41e5d41f4,57,29,3,2
62.60.138.247,183830befbe3,57,29,3,2
64.227.0.19,2353e7ab4ed6,56,29,2,3
64.227.144.204,0144e0e08d8e,57,31,1,1
64.227.159.64,b81874eabc5d,59,30,2,1
64.227.159.64,faec2c056026,59,30,2,1
64.227.159.64,e07cac181410,59,30,2,1
64.227.159.64,ff73fb9e41bd,59,30,2,1
64.227.159.64,9d3b284a6724,59,30,2,1
64.227.159.64,655848285122,59,30,2,1
64.227.159.64,e29f3a339b39,59,30,2,1
64.227.177.112,6acff2832848,53,30,2,4
64.227.40.101,2cf51e344e48,60,31,1,0
64.227.40.101,8961e8e67160,60,31,1,0
64.92.12.144,0ef44a0eb05e,58,31,2,2
64.92.12.144,492058d197db,58,31,2,2
65.26.23.236,3b7c0dcc937e,59,32,1,0
66.66.116.251,009ae3b01a5e,57,31,1,1
67.205.160.228,063cdade1540,52,28,1,7
67.205.160.228,c4693cd09b89,52,28,1,7
67.205.160.228,6af8183b5879,52,28,1,7
67.205.160.228,c992be33d763,52,28,1,7
67.205.160.228,5fff35c002f9,52,28,1,7
67.205.160.228,a33bc91406c6,52,28,1,7
67.205.160.228,78f0640d0c73,52,28,1,7
67.205.160.228,e3c36c3c4466,52,28,1,7
67.205.160.228,9c7cd9c792e3,52,28,1,7
67.205.160.228,d088e9606315,52,28,1,7
68.183.108.31,8898c76bccb3,54,29,2,3
68.183.133.144,f5d8dbbb76ea,54,31,2,4
68.183.232.239,6b4bacf007db,54,33,1,4
68.183.232.239,ee8ee7dc29f9,54,33,1,4
72.167.32.109,59aa5e66d04a,56,29,1,4
72.167.32.109,aa0b7b5e3d69,56,29,1,4
74.225.198.160,ddb1bb43c63e,56,30,1,5
74.225.198.160,bd61b7297b93,56,30,1,5
74.225.198.160,150d8a9ec37f,56,30,1,5
74.225.198.160,563d1692a0c0,56,30,1,5
77.221.158.215,2a8cef18fca8,57,31,1,1
77.221.158.215,0e7602aa9547,57,31,1,1
77.221.158.215,0ae897d9582b,57,31,1,1
77.221.158.215,a261629e8e8c,57,31,1,1
79.117.7.241,304bc0948ab0,56,29,2,4
79.117.7.241,f2ba6679448e,56,29,2,4
8.222.179.148,d67116660029,56,30,3,4
8.222.179.148,71f5bb6c9b02,56,30,3,4
8.222.179.148,78a1c059fa02,56,30,3,4
8.222.179.148,a0d47ae5f084,56,30,3,4
8.222.179.148,0f8279013abc,56,30,3,4
80.66.75.106,ddff4ceeec5d,53,29,1,7
80.66.75.106,755b4c4e28ec,53,29,1,7
80.66.75.106,de436b4c4117,53,29,1,7
80.66.75.106,1aa6d74e428b,53,29,1,7
80.66.75.106,7d0e2be61c5f,53,29,1,7
80.66.75.106,e57e126608e3,53,29,1,7
80.66.75.106,5713628baeba,53,29,1,7
80.66.75.106,d4c04d65beb8,53,29,1,7
80.99.216.12,731e74622188,60,31,1,1
80.99.216.12,7829c5aafb36,60,31,1,1
80.99.216.12,8ffbe4c33eba,60,31,1,1
80.99.216.12,b83b9d3bbbcd,60,31,1,1
81.169.179.126,6b03e36db498,57,30,2,4
81.169.179.126,2a67960b6055,57,30,2,4
81.169.179.126,1d6d41111d45,57,30,2,4
81.169.179.126,444a19b0ccb0,57,30,2,4
81.19.137.94,0ae1f557e49c,58,31,1,3
81.19.137.94,86ea3878b884,58,31,1,3
81.19.137.94,2a98a9f97e61,58,31,1,3
81.19.137.94,547c9679d290,58,31,1,3
81.19.137.94,ed5148dabec4,58,31,1,3
81.19.137.94,3c74a5fd8406,58,31,1,3
81.192.43.166,e02bd251070a,54,28,3,5
81.192.43.166,51036dde98a4,54,28,3,5
81.68.169.233,0c9e21ef907f,57,30,3,2
81.68.169.233,f73bacab9108,57,30,3,2
82.200.161.178,bbf9342f755e,57,28,1,3
82.200.161.178,0d72e9b4cd50,57,28,1,3
82.200.161.178,592cef858988,57,28,1,3
82.200.161.178,15386a0dde7b,57,28,1,3
82.200.161.178,c011f073c510,57,28,1,3
82.200.161.178,0a1a4445617a,57,28,1,3
82.200.161.178,b6ef6827005d,57,28,1,3
82.200.161.178,1f1930275a93,57,28,1,3
82.200.161.178,39e0180af33f,57,28,1,3
82.200.161.178,97b44cd49a34,57,28,1,3
82.207.8.194,bc93365a1291,54,28,2,4
82.207.8.194,3612a2fbf3c6,54,28,2,4
82.207.8.194,63c69dce7944,54,28,2,4
82.207.8.194,8c9eac11965d,54,28,2,4
82.207.8.194,d8e830c40078,54,28,2,4
82.207.8.194,29e8788799b1,54,28,2,4
82.207.9.150,22f83d943764,51,29,4,6
82.207.9.150,2b3739c635c2,51,29,4,6
82.207.9.150,d6f80d5d2b14,51,29,4,6
82.207.9.150,d702db6cdbc8,51,29,4,6
82.207.9.150,cc5149119c11,51,29,4,6
82.65.43.136,62e615ada741,51,28,4,6
82.65.43.136,9978cd03a300,51,28,4,6
82.65.43.136,ee25f6cd622d,51,28,4,6
84.247.129.129,c44e746a5a72,59,33,1,0
85.172.12.254,89ce8cdd4375,57,30,2,2
85.245.107.230,493114e68837,53,31,2,3
85.245.107.230,bb6bc1c858bb,53,31,2,3
85.245.107.230,5e89cc356c44,53,31,2,3
85.245.107.230,469dc4b183a3,53,31,2,3
85.245.107.230,48b4e4153b3c,53,31,2,3
85.9.102.65,20319aaec883,53,30,3,5
87.106.117.52,5e653638d903,60,29,1,3
87.106.117.52,e415e5ab123c,60,29,1,3
87.106.117.52,040dab0b39eb,60,29,1,3
87.106.117.52,5eb7ee92e85d,60,29,1,3
87.106.117.52,e702e2694538,60,29,1,3
87.106.117.52,49224e6db70c,60,29,1,3
87.13.175.158,cc0b4b310901,56,29,3,3
87.175.181.4,6fa338411dbd,60,32,1,0
87.175.181.4,66be69cb4f62,60,32,1,0
87.98.134.245,af680e1f3cbc,59,31,0,2
87.98.134.245,5e975ded4c01,59,31,0,2
87.98.134.245,f5c372955208,59,31,0,2
87.98.134.245,16a7acb7ff36,59,31,0,2
87.98.134.245,ecf5555905c2,59,31,0,2
89.185.85.104,cf7b548366ef,51,31,1,6
89.185.85.104,5b063f7a9393,51,31,1,6
89.185.85.104,bc9017a9ad55,51,31,1,6
89.185.85.253,bd3247c5e328,56,31,2,2
89.185.85.253,3fb8c1d531b9,56,31,2,2
89.185.85.253,d32f68c4ed3c,56,31,2,2
89.185.85.253,e3e63c4f194a,56,31,2,2
89.185.85.253,d1992960191e,56,31,2,2
89.216.47.154,da4f40795583,55,31,1,3
89.46.223.32,97cef23345d7,57,30,1,3
89.46.223.32,09ddf5a23cd3,57,30,1,3
89.46.223.32,eefc3a550464,57,30,1,3
89.46.223.32,0ea5aa80a211,57,30,1,3
89.46.223.32,3010ce7a9312,57,30,1,3
89.46.223.32,bc5dcb12b9a1,57,30,1,3
91.147.112.237,a4d3fb30bc15,59,31,2,1
91.147.112.237,31caddb3834e,59,31,2,1
91.147.93.36,7fbe0acef808,50,29,2,7
91.147.93.36,4f5f594b0a7c,50,29,2,7
91.147.93.36,bf709e1badb9,50,29,2,7
91.147.93.36,d48f8b97eb85,50,29,2,7
91.147.93.36,92dfb6854a92,50,29,2,7
91.151.128.225,3422fa20fede,54,30,2,4
91.151.128.225,82ca8fec74f8,54,30,2,4
91.151.128.225,705737f6ecbc,54,30,2,4
91.151.128.225,d093cfdd141f,54,30,2,4
91.151.128.225,ee16049ec201,54,30,2,4
91.151.128.225,2f1297e7df93,54,30,2,4
91.183.198.251,433a6b6ff536,57,28,2,4
91.183.198.251,2c4d9bc4d929,57,28,2,4
92.222.181.7,3a11e2285dfd,57,30,2,2
92.222.181.7,8900904c12b1,57,30,2,2
92.222.181.7,47f5116cd6a9,57,30,2,2
92.222.181.7,1ecf1028e1a8,57,30,2,2
92.33.220.122,ed6cf781c12c,57,31,1,1
92.63.206.99,fe09a7124480,54,31,1,4
92.63.206.99,8f8183387591,54,31,1,4
92.63.206.99,1d15d78cce48,54,31,1,4
92.63.206.99,e1e82267ee57,54,31,1,4
93.123.194.205,7e6492b85087,55,31,1,3
93.123.194.205,76f9c0144092,55,31,1,3
93.123.194.205,395149985431,55,31,1,3
93.123.194.205,c4332c8c37fb,55,31,1,3
93.123.194.205,f809c0942062,55,31,1,3
93.123.194.205,93a55cf8ab19,55,31,1,3
93.123.194.205,0d5a4ba86fca,55,31,1,3
93.123.194.205,c97235e5b7e2,55,31,1,3
94.228.165.82,f6a1e08e0928,56,33,1,2
95.128.69.10,ef247414ffb5,54,29,1,4
95.128.69.10,10da54c8c0a3,54,29,1,4
95.128.69.10,f6b6464c3611,54,29,1,4
95.173.191.84,2ea33d5f1973,55,30,2,4
95.173.191.84,6d0ff1ed3b11,55,30,2,4
95.173.191.84,805da8cce8c0,55,30,2,4
95.255.108.3,e3b1f03964e7,51,29,3,5
95.255.108.3,9df08336d264,51,29,3,5
95.255.108.3,003c6cddac38,51,29,3,5
